create table data_collection_day(
        data_collection_day date not null
);
    
create table participants (
    id integer primary key
);

create table ages (
    id integer references participants(id),
    birthday date not null
);

create table exercise (
    id integer references participants(id),
    hours_per_week float not null
);

create table thanatol (
    id integer references participants(id),
    mmol_per_l float not null
);

create table pediatric (
    age float not null,
    hours_per_day float not null,
    mmol_per_l float not null
);

insert into data_collection_day(data_collection_day) values('2023-03-31');
insert into pediatric(age, hours_per_day, mmol_per_l) values(16.0, 0.8347320720237124, 14.113629183429412);
insert into pediatric(age, hours_per_day, mmol_per_l) values(16.054054054054053, 0.8108728275909743, 14.32783599060717);
insert into pediatric(age, hours_per_day, mmol_per_l) values(16.10810810810811, 0.8036626393653447, 14.398265105338247);
insert into pediatric(age, hours_per_day, mmol_per_l) values(16.16216216216216, 0.8207625543305549, 14.258370285582577);
insert into pediatric(age, hours_per_day, mmol_per_l) values(16.216216216216218, 0.806666426832104, 14.388449953285548);
insert into pediatric(age, hours_per_day, mmol_per_l) values(16.27027027027027, 0.8452871788418541, 14.061910631073935);
insert into pediatric(age, hours_per_day, mmol_per_l) values(16.324324324324323, 0.8270206597606956, 14.228162054927084);
insert into pediatric(age, hours_per_day, mmol_per_l) values(16.37837837837838, 0.8445877766146462, 14.083768312019567);
insert into pediatric(age, hours_per_day, mmol_per_l) values(16.43243243243243, 0.7912170031162618, 14.55486784446001);
insert into pediatric(age, hours_per_day, mmol_per_l) values(16.486486486486488, 0.8320309148428529, 14.208607217864632);
insert into pediatric(age, hours_per_day, mmol_per_l) values(16.54054054054054, 0.8327947281511602, 14.20993071643921);
insert into pediatric(age, hours_per_day, mmol_per_l) values(16.594594594594593, 0.819527888168196, 14.333222457307823);
insert into pediatric(age, hours_per_day, mmol_per_l) values(16.64864864864865, 0.8579146931354037, 14.007340332544834);
insert into pediatric(age, hours_per_day, mmol_per_l) values(16.7027027027027, 0.8368314844178395, 14.198666709321897);
insert into pediatric(age, hours_per_day, mmol_per_l) values(16.756756756756758, 0.8219328223074174, 14.33634251956699);
insert into pediatric(age, hours_per_day, mmol_per_l) values(16.81081081081081, 0.8212727398801892, 14.350102929814566);
insert into pediatric(age, hours_per_day, mmol_per_l) values(16.864864864864863, 0.8231910561389608, 14.341391700859916);
insert into pediatric(age, hours_per_day, mmol_per_l) values(16.91891891891892, 0.8388835143730031, 14.212514061771426);
insert into pediatric(age, hours_per_day, mmol_per_l) values(16.972972972972972, 0.8264180338519244, 14.329234052354272);
insert into pediatric(age, hours_per_day, mmol_per_l) values(17.027027027027028, 0.8304380369286919, 14.302116957059374);
insert into pediatric(age, hours_per_day, mmol_per_l) values(17.08108108108108, 0.8462231229213917, 14.172165721057171);
insert into pediatric(age, hours_per_day, mmol_per_l) values(17.135135135135137, 0.8216928424917417, 14.394504371325672);
insert into pediatric(age, hours_per_day, mmol_per_l) values(17.18918918918919, 0.8534277802300657, 14.124928310596104);
insert into pediatric(age, hours_per_day, mmol_per_l) values(17.243243243243242, 0.8300130293686273, 14.337707589995977);
insert into pediatric(age, hours_per_day, mmol_per_l) values(17.2972972972973, 0.8252582766806377, 14.387313623507003);
insert into pediatric(age, hours_per_day, mmol_per_l) values(17.35135135135135, 0.8440905127839119, 14.230305648494129);
insert into pediatric(age, hours_per_day, mmol_per_l) values(17.405405405405407, 0.830296131694907, 14.359135239629653);
insert into pediatric(age, hours_per_day, mmol_per_l) values(17.45945945945946, 0.8352759685640114, 14.323423784307531);
insert into pediatric(age, hours_per_day, mmol_per_l) values(17.513513513513512, 0.8317246428036827, 14.362535204330182);
insert into pediatric(age, hours_per_day, mmol_per_l) values(17.56756756756757, 0.837154032675702, 14.322820785658886);
insert into pediatric(age, hours_per_day, mmol_per_l) values(17.62162162162162, 0.8424640952151649, 14.28410194398525);
insert into pediatric(age, hours_per_day, mmol_per_l) values(17.675675675675677, 0.8578095206631516, 14.157112460091595);
insert into pediatric(age, hours_per_day, mmol_per_l) values(17.72972972972973, 0.8327358126288519, 14.38548725855778);
insert into pediatric(age, hours_per_day, mmol_per_l) values(17.783783783783782, 0.8272889943963901, 14.441378778040663);
insert into pediatric(age, hours_per_day, mmol_per_l) values(17.83783783783784, 0.8342323089589959, 14.38822315130546);
insert into pediatric(age, hours_per_day, mmol_per_l) values(17.89189189189189, 0.8438769214443246, 14.311200803216423);
insert into pediatric(age, hours_per_day, mmol_per_l) values(17.945945945945947, 0.8360354789607755, 14.388226553185618);
insert into participants(id) values(767);
insert into ages(id, birthday) values(767, '2005-04-04');
insert into exercise(id, hours_per_week) values(767, 5.898898799000171);
insert into thanatol(id, mmol_per_l) values(767, 14.337387513259786);
insert into participants(id) values(11);
insert into ages(id, birthday) values(11, '2005-03-15');
insert into exercise(id, hours_per_week) values(11, 5.78602495146037);
insert into thanatol(id, mmol_per_l) values(11, 14.487595107525713);
insert into participants(id) values(557);
insert into ages(id, birthday) values(557, '2005-02-24');
insert into exercise(id, hours_per_week) values(557, 5.847611902578061);
insert into thanatol(id, mmol_per_l) values(557, 14.417896491999025);
insert into participants(id) values(457);
insert into ages(id, birthday) values(457, '2005-02-04');
insert into exercise(id, hours_per_week) values(457, 5.946533110011566);
insert into thanatol(id, mmol_per_l) values(457, 14.300993270268027);
insert into participants(id) values(355);
insert into ages(id, birthday) values(355, '2005-01-15');
insert into exercise(id, hours_per_week) values(355, 5.837335967626055);
insert into thanatol(id, mmol_per_l) values(355, 14.446760225591593);
insert into participants(id) values(430);
insert into ages(id, birthday) values(430, '2004-12-26');
insert into exercise(id, hours_per_week) values(430, 6.035286197795225);
insert into thanatol(id, mmol_per_l) values(430, 14.20460596383587);
insert into participants(id) values(528);
insert into ages(id, birthday) values(528, '2004-12-07');
insert into exercise(id, hours_per_week) values(528, 5.818485489475537);
insert into thanatol(id, mmol_per_l) values(528, 14.48649220477189);
insert into participants(id) values(514);
insert into ages(id, birthday) values(514, '2004-11-17');
insert into exercise(id, hours_per_week) values(514, 6.040836590345989);
insert into thanatol(id, mmol_per_l) values(514, 14.213212096535345);
insert into participants(id) values(545);
insert into ages(id, birthday) values(545, '2004-10-28');
insert into exercise(id, hours_per_week) values(545, 5.8940865836296785);
insert into thanatol(id, mmol_per_l) values(545, 14.406742469567043);
insert into participants(id) values(472);
insert into ages(id, birthday) values(472, '2004-10-08');
insert into exercise(id, hours_per_week) values(472, 6.090111620359037);
insert into thanatol(id, mmol_per_l) values(472, 14.166436266359266);
insert into participants(id) values(751);
insert into ages(id, birthday) values(751, '2004-09-19');
insert into exercise(id, hours_per_week) values(751, 6.0145727371856275);
insert into thanatol(id, mmol_per_l) values(751, 14.269915451814317);
insert into participants(id) values(451);
insert into ages(id, birthday) values(451, '2004-08-30');
insert into exercise(id, hours_per_week) values(451, 5.968098286147662);
insert into thanatol(id, mmol_per_l) values(451, 14.336656257498069);
insert into participants(id) values(860);
insert into ages(id, birthday) values(860, '2004-08-10');
insert into exercise(id, hours_per_week) values(860, 6.139148024025495);
insert into thanatol(id, mmol_per_l) values(860, 14.127567081496622);
insert into participants(id) values(270);
insert into ages(id, birthday) values(270, '2004-07-21');
insert into exercise(id, hours_per_week) values(270, 6.222872801515492);
insert into thanatol(id, mmol_per_l) values(270, 14.029058562154008);
insert into participants(id) values(238);
insert into ages(id, birthday) values(238, '2004-07-02');
insert into exercise(id, hours_per_week) values(238, 5.868487781870217);
insert into thanatol(id, mmol_per_l) values(238, 14.486714702911819);
insert into participants(id) values(980);
insert into ages(id, birthday) values(980, '2004-06-12');
insert into exercise(id, hours_per_week) values(980, 6.047468169820944);
insert into thanatol(id, mmol_per_l) values(980, 14.267262831668404);
insert into participants(id) values(972);
insert into ages(id, birthday) values(972, '2004-05-23');
insert into exercise(id, hours_per_week) values(972, 5.8840062521521155);
insert into thanatol(id, mmol_per_l) values(972, 14.482847342341621);
insert into participants(id) values(162);
insert into ages(id, birthday) values(162, '2004-05-04');
insert into exercise(id, hours_per_week) values(162, 6.145331154889116);
insert into thanatol(id, mmol_per_l) values(162, 14.158408948183494);
insert into participants(id) values(364);
insert into ages(id, birthday) values(364, '2004-04-14');
insert into exercise(id, hours_per_week) values(364, 6.2016962022479145);
insert into thanatol(id, mmol_per_l) values(364, 14.094420716846072);
insert into participants(id) values(934);
insert into ages(id, birthday) values(934, '2004-03-25');
insert into exercise(id, hours_per_week) values(934, 6.002670673604377);
insert into thanatol(id, mmol_per_l) values(934, 14.35551860491205);
insert into participants(id) values(667);
insert into ages(id, birthday) values(667, '2004-03-05');
insert into exercise(id, hours_per_week) values(667, 5.807048058290618);
insert into thanatol(id, mmol_per_l) values(667, 14.612558160801521);
insert into participants(id) values(529);
insert into ages(id, birthday) values(529, '2004-02-15');
insert into exercise(id, hours_per_week) values(529, 5.997371489759536);
insert into thanatol(id, mmol_per_l) values(529, 14.377944879538926);
insert into participants(id) values(682);
insert into ages(id, birthday) values(682, '2004-01-26');
insert into exercise(id, hours_per_week) values(682, 5.8950889432061375);
insert into thanatol(id, mmol_per_l) values(682, 14.516224409494258);
insert into participants(id) values(492);
insert into ages(id, birthday) values(492, '2004-01-06');
insert into exercise(id, hours_per_week) values(492, 6.088317053538627);
insert into thanatol(id, mmol_per_l) values(492, 14.277579073924919);
insert into participants(id) values(760);
insert into ages(id, birthday) values(760, '2003-12-17');
insert into exercise(id, hours_per_week) values(760, 6.034373522207864);
insert into thanatol(id, mmol_per_l) values(760, 14.354224135701728);
insert into participants(id) values(559);
insert into ages(id, birthday) values(559, '2003-11-28');
insert into exercise(id, hours_per_week) values(559, 6.034470759478973);
insert into thanatol(id, mmol_per_l) values(559, 14.36191387619296);
insert into participants(id) values(531);
insert into ages(id, birthday) values(531, '2003-11-08');
insert into exercise(id, hours_per_week) values(531, 5.918991304889123);
insert into thanatol(id, mmol_per_l) values(531, 14.51731852608341);
insert into participants(id) values(857);
insert into ages(id, birthday) values(857, '2003-10-19');
insert into exercise(id, hours_per_week) values(857, 6.026654407113642);
insert into thanatol(id, mmol_per_l) values(857, 14.387536912602169);
insert into participants(id) values(398);
insert into ages(id, birthday) values(398, '2003-09-30');
insert into exercise(id, hours_per_week) values(398, 6.062575719832682);
insert into thanatol(id, mmol_per_l) values(398, 14.34939636278705);
insert into participants(id) values(886);
insert into ages(id, birthday) values(886, '2003-09-10');
insert into exercise(id, hours_per_week) values(886, 5.8577960281434995);
insert into thanatol(id, mmol_per_l) values(886, 14.619340343276994);
insert into participants(id) values(458);
insert into ages(id, birthday) values(458, '2003-08-21');
insert into exercise(id, hours_per_week) values(458, 5.920323830155751);
insert into thanatol(id, mmol_per_l) values(458, 14.547188311135642);
insert into participants(id) values(464);
insert into ages(id, birthday) values(464, '2003-08-01');
insert into exercise(id, hours_per_week) values(464, 6.017000815437126);
insert into thanatol(id, mmol_per_l) values(464, 14.431185673127834);
insert into participants(id) values(185);
insert into ages(id, birthday) values(185, '2003-07-13');
insert into exercise(id, hours_per_week) values(185, 6.107434350198447);
insert into thanatol(id, mmol_per_l) values(185, 14.323054255981067);
insert into participants(id) values(147);
insert into ages(id, birthday) values(147, '2003-06-23');
insert into exercise(id, hours_per_week) values(147, 6.049618551887944);
insert into thanatol(id, mmol_per_l) values(147, 14.404991303392565);
insert into participants(id) values(877);
insert into ages(id, birthday) values(877, '2003-06-03');
insert into exercise(id, hours_per_week) values(877, 5.979986294955573);
insert into thanatol(id, mmol_per_l) values(877, 14.502176665556254);
insert into participants(id) values(552);
insert into ages(id, birthday) values(552, '2003-05-14');
insert into exercise(id, hours_per_week) values(552, 5.991179840154958);
insert into thanatol(id, mmol_per_l) values(552, 14.495652270157743);
insert into participants(id) values(46);
insert into ages(id, birthday) values(46, '2003-04-25');
insert into exercise(id, hours_per_week) values(46, 5.895388887212427);
insert into thanatol(id, mmol_per_l) values(46, 14.626589461613747);
insert into participants(id) values(363);
insert into ages(id, birthday) values(363, '2003-04-05');
insert into exercise(id, hours_per_week) values(363, 5.9738980033820654);
insert into thanatol(id, mmol_per_l) values(363, 14.533559709937345);
insert into participants(id) values(419);
insert into ages(id, birthday) values(419, '2003-03-16');
insert into exercise(id, hours_per_week) values(419, 6.233538178517874);
insert into thanatol(id, mmol_per_l) values(419, 14.207412160932103);
insert into participants(id) values(909);
insert into ages(id, birthday) values(909, '2003-02-25');
insert into exercise(id, hours_per_week) values(909, 6.196018499266856);
insert into thanatol(id, mmol_per_l) values(909, 14.263379432758306);
insert into participants(id) values(322);
insert into ages(id, birthday) values(322, '2003-02-05');
insert into exercise(id, hours_per_week) values(322, 6.008934461638474);
insert into thanatol(id, mmol_per_l) values(322, 14.512007720714687);
insert into participants(id) values(805);
insert into ages(id, birthday) values(805, '2003-01-16');
insert into exercise(id, hours_per_week) values(805, 5.866781434116257);
insert into thanatol(id, mmol_per_l) values(805, 14.703002701956459);
insert into participants(id) values(878);
insert into ages(id, birthday) values(878, '2002-12-27');
insert into exercise(id, hours_per_week) values(878, 5.90677807681343);
insert into thanatol(id, mmol_per_l) values(878, 14.65936988475674);
insert into participants(id) values(311);
insert into ages(id, birthday) values(311, '2002-12-08');
insert into exercise(id, hours_per_week) values(311, 5.997720424439123);
insert into thanatol(id, mmol_per_l) values(311, 14.549967415457058);
insert into participants(id) values(694);
insert into ages(id, birthday) values(694, '2002-11-18');
insert into exercise(id, hours_per_week) values(694, 6.089155021411068);
insert into thanatol(id, mmol_per_l) values(694, 14.439803253062301);
insert into participants(id) values(109);
insert into ages(id, birthday) values(109, '2002-10-29');
insert into exercise(id, hours_per_week) values(109, 6.001939995485731);
insert into thanatol(id, mmol_per_l) values(109, 14.560197636717188);
insert into participants(id) values(865);
insert into ages(id, birthday) values(865, '2002-10-09');
insert into exercise(id, hours_per_week) values(865, 5.966703213675255);
insert into thanatol(id, mmol_per_l) values(865, 14.613558959999947);
insert into participants(id) values(191);
insert into ages(id, birthday) values(191, '2002-09-20');
insert into exercise(id, hours_per_week) values(191, 6.042247329629319);
insert into thanatol(id, mmol_per_l) values(191, 14.523766772355614);
insert into participants(id) values(866);
insert into ages(id, birthday) values(866, '2002-08-31');
insert into exercise(id, hours_per_week) values(866, 5.864508915259748);
insert into thanatol(id, mmol_per_l) values(866, 14.761454840024285);
insert into participants(id) values(888);
insert into ages(id, birthday) values(888, '2002-08-11');
insert into exercise(id, hours_per_week) values(888, 6.133298842080311);
insert into thanatol(id, mmol_per_l) values(888, 14.421558147059319);
insert into participants(id) values(547);
insert into ages(id, birthday) values(547, '2002-07-22');
insert into exercise(id, hours_per_week) values(547, 6.065502039956071);
insert into thanatol(id, mmol_per_l) values(547, 14.517083188884678);
insert into participants(id) values(541);
insert into ages(id, birthday) values(541, '2002-07-03');
insert into exercise(id, hours_per_week) values(541, 5.900589115630849);
insert into thanatol(id, mmol_per_l) values(541, 14.738510964955745);
insert into participants(id) values(437);
insert into ages(id, birthday) values(437, '2002-06-13');
insert into exercise(id, hours_per_week) values(437, 6.184098881164118);
insert into thanatol(id, mmol_per_l) values(437, 14.378949828545196);
insert into participants(id) values(411);
insert into ages(id, birthday) values(411, '2002-05-24');
insert into exercise(id, hours_per_week) values(411, 5.9905942520427695);
insert into thanatol(id, mmol_per_l) values(411, 14.637603098933877);
insert into participants(id) values(418);
insert into ages(id, birthday) values(418, '2002-05-05');
insert into exercise(id, hours_per_week) values(418, 6.0213100362665735);
insert into thanatol(id, mmol_per_l) values(418, 14.605592854101372);
insert into participants(id) values(387);
insert into ages(id, birthday) values(387, '2002-04-15');
insert into exercise(id, hours_per_week) values(387, 6.133433099999921);
insert into thanatol(id, mmol_per_l) values(387, 14.467855036509754);
insert into participants(id) values(480);
insert into ages(id, birthday) values(480, '2002-03-26');
insert into exercise(id, hours_per_week) values(480, 6.045160544317894);
insert into thanatol(id, mmol_per_l) values(480, 14.59025903351573);
insert into participants(id) values(900);
insert into ages(id, birthday) values(900, '2002-03-06');
insert into exercise(id, hours_per_week) values(900, 5.967207319487268);
insert into thanatol(id, mmol_per_l) values(900, 14.6993745801567);
insert into participants(id) values(206);
insert into ages(id, birthday) values(206, '2002-02-15');
insert into exercise(id, hours_per_week) values(206, 6.035815303943034);
insert into thanatol(id, mmol_per_l) values(206, 14.618023636826505);
insert into participants(id) values(952);
insert into ages(id, birthday) values(952, '2002-01-26');
insert into exercise(id, hours_per_week) values(952, 5.919955551128436);
insert into thanatol(id, mmol_per_l) values(952, 14.776570569466264);
insert into participants(id) values(796);
insert into ages(id, birthday) values(796, '2002-01-06');
insert into exercise(id, hours_per_week) values(796, 5.958961160612111);
insert into thanatol(id, mmol_per_l) values(796, 14.733690479966148);
insert into participants(id) values(553);
insert into ages(id, birthday) values(553, '2001-12-17');
insert into exercise(id, hours_per_week) values(553, 5.904948260186258);
insert into thanatol(id, mmol_per_l) values(553, 14.81190290684931);
insert into participants(id) values(226);
insert into ages(id, birthday) values(226, '2001-11-28');
insert into exercise(id, hours_per_week) values(226, 6.054684347134787);
insert into thanatol(id, mmol_per_l) values(226, 14.624687385490384);
insert into participants(id) values(820);
insert into ages(id, birthday) values(820, '2001-11-08');
insert into exercise(id, hours_per_week) values(820, 6.089242173257385);
insert into thanatol(id, mmol_per_l) values(820, 14.587431285461182);
insert into participants(id) values(507);
insert into ages(id, birthday) values(507, '2001-10-19');
insert into exercise(id, hours_per_week) values(507, 6.016834744234599);
insert into thanatol(id, mmol_per_l) values(507, 14.689661055262157);
insert into participants(id) values(783);
insert into ages(id, birthday) values(783, '2001-09-30');
insert into exercise(id, hours_per_week) values(783, 6.088563173399436);
insert into thanatol(id, mmol_per_l) values(783, 14.603869130749246);
insert into participants(id) values(759);
insert into ages(id, birthday) values(759, '2001-09-10');
insert into exercise(id, hours_per_week) values(759, 6.177376304653768);
insert into thanatol(id, mmol_per_l) values(759, 14.495667128339779);
insert into participants(id) values(992);
insert into ages(id, birthday) values(992, '2001-08-21');
insert into exercise(id, hours_per_week) values(992, 6.112607561255251);
insert into thanatol(id, mmol_per_l) values(992, 14.588006182514373);
insert into participants(id) values(345);
insert into ages(id, birthday) values(345, '2001-08-01');
insert into exercise(id, hours_per_week) values(345, 6.165909023076275);
insert into thanatol(id, mmol_per_l) values(345, 14.526086961261912);
insert into participants(id) values(368);
insert into ages(id, birthday) values(368, '2001-07-13');
insert into exercise(id, hours_per_week) values(368, 6.111474886963288);
insert into thanatol(id, mmol_per_l) values(368, 14.605006823522459);
insert into participants(id) values(79);
insert into ages(id, birthday) values(79, '2001-06-23');
insert into exercise(id, hours_per_week) values(79, 6.20335173556956);
insert into thanatol(id, mmol_per_l) values(79, 14.492532674695186);
insert into participants(id) values(862);
insert into ages(id, birthday) values(862, '2001-06-03');
insert into exercise(id, hours_per_week) values(862, 6.015520915998697);
insert into thanatol(id, mmol_per_l) values(862, 14.746164274002016);
insert into participants(id) values(281);
insert into ages(id, birthday) values(281, '2001-05-14');
insert into exercise(id, hours_per_week) values(281, 6.245529295046364);
insert into thanatol(id, mmol_per_l) values(281, 14.452671467918028);
insert into participants(id) values(74);
insert into ages(id, birthday) values(74, '2001-04-25');
insert into exercise(id, hours_per_week) values(74, 6.018479338385073);
insert into thanatol(id, mmol_per_l) values(74, 14.757940672606315);
insert into participants(id) values(973);
insert into ages(id, birthday) values(973, '2001-04-05');
insert into exercise(id, hours_per_week) values(973, 6.302978351044195);
insert into thanatol(id, mmol_per_l) values(973, 14.392665533916327);
insert into participants(id) values(331);
insert into ages(id, birthday) values(331, '2001-03-16');
insert into exercise(id, hours_per_week) values(331, 6.0226630176788225);
insert into thanatol(id, mmol_per_l) values(331, 14.768101158579263);
insert into participants(id) values(105);
insert into ages(id, birthday) values(105, '2001-02-25');
insert into exercise(id, hours_per_week) values(105, 6.149252232766706);
insert into thanatol(id, mmol_per_l) values(105, 14.609734578434997);
insert into participants(id) values(665);
insert into ages(id, birthday) values(665, '2001-02-05');
insert into exercise(id, hours_per_week) values(665, 6.1846311884750405);
insert into thanatol(id, mmol_per_l) values(665, 14.570997952435487);
insert into participants(id) values(829);
insert into ages(id, birthday) values(829, '2001-01-16');
insert into exercise(id, hours_per_week) values(829, 6.016999480333522);
insert into thanatol(id, mmol_per_l) values(829, 14.799010489899908);
insert into participants(id) values(170);
insert into ages(id, birthday) values(170, '2000-12-27');
insert into exercise(id, hours_per_week) values(170, 6.154859462664999);
insert into thanatol(id, mmol_per_l) values(170, 14.625563943609297);
insert into participants(id) values(469);
insert into ages(id, birthday) values(469, '2000-12-08');
insert into exercise(id, hours_per_week) values(469, 5.985541208830936);
insert into thanatol(id, mmol_per_l) values(469, 14.856048990358866);
insert into participants(id) values(925);
insert into ages(id, birthday) values(925, '2000-11-18');
insert into exercise(id, hours_per_week) values(925, 5.986033959296597);
insert into thanatol(id, mmol_per_l) values(925, 14.863248272573761);
insert into participants(id) values(708);
insert into ages(id, birthday) values(708, '2000-10-29');
insert into exercise(id, hours_per_week) values(708, 6.111327896739232);
insert into thanatol(id, mmol_per_l) values(708, 14.706085152209452);
insert into participants(id) values(562);
insert into ages(id, birthday) values(562, '2000-10-09');
insert into exercise(id, hours_per_week) values(562, 6.086333855080761);
insert into thanatol(id, mmol_per_l) values(562, 14.746779853042618);
insert into participants(id) values(406);
insert into ages(id, birthday) values(406, '2000-09-20');
insert into exercise(id, hours_per_week) values(406, 6.134026269049308);
insert into thanatol(id, mmol_per_l) values(406, 14.691681043129046);
insert into participants(id) values(549);
insert into ages(id, birthday) values(549, '2000-08-31');
insert into exercise(id, hours_per_week) values(549, 6.13619088498562);
insert into thanatol(id, mmol_per_l) values(549, 14.696570448083062);
insert into participants(id) values(567);
insert into ages(id, birthday) values(567, '2000-08-11');
insert into exercise(id, hours_per_week) values(567, 6.384989058318301);
insert into thanatol(id, mmol_per_l) values(567, 14.375957683728332);
insert into participants(id) values(212);
insert into ages(id, birthday) values(212, '2000-07-22');
insert into exercise(id, hours_per_week) values(212, 6.02110035541721);
insert into thanatol(id, mmol_per_l) values(212, 14.864029646514727);
insert into participants(id) values(374);
insert into ages(id, birthday) values(374, '2000-07-03');
insert into exercise(id, hours_per_week) values(374, 6.001740366558162);
insert into thanatol(id, mmol_per_l) values(374, 14.897430430004356);
insert into participants(id) values(41);
insert into ages(id, birthday) values(41, '2000-06-13');
insert into exercise(id, hours_per_week) values(41, 6.107247968315542);
insert into thanatol(id, mmol_per_l) values(41, 14.765801488677571);
insert into participants(id) values(561);
insert into ages(id, birthday) values(561, '2000-05-24');
insert into exercise(id, hours_per_week) values(561, 5.970332322768295);
insert into thanatol(id, mmol_per_l) values(561, 14.95464234038204);
insert into participants(id) values(328);
insert into ages(id, birthday) values(328, '2000-05-05');
insert into exercise(id, hours_per_week) values(328, 6.28223815054216);
insert into thanatol(id, mmol_per_l) values(328, 14.549773517552861);
insert into participants(id) values(336);
insert into ages(id, birthday) values(336, '2000-04-15');
insert into exercise(id, hours_per_week) values(336, 6.152281736778651);
insert into thanatol(id, mmol_per_l) values(336, 14.729469468952129);
insert into participants(id) values(486);
insert into ages(id, birthday) values(486, '2000-03-26');
insert into exercise(id, hours_per_week) values(486, 6.130289109549223);
insert into thanatol(id, mmol_per_l) values(486, 14.766333638207927);
insert into participants(id) values(303);
insert into ages(id, birthday) values(303, '2000-03-06');
insert into exercise(id, hours_per_week) values(303, 6.308307513063968);
insert into thanatol(id, mmol_per_l) values(303, 14.538148119944642);
insert into participants(id) values(33);
insert into ages(id, birthday) values(33, '2000-02-16');
insert into exercise(id, hours_per_week) values(33, 6.194742644687078);
insert into thanatol(id, mmol_per_l) values(33, 14.696361336326909);
insert into participants(id) values(7);
insert into ages(id, birthday) values(7, '2000-01-27');
insert into exercise(id, hours_per_week) values(7, 6.076890697063903);
insert into thanatol(id, mmol_per_l) values(7, 14.860420149323945);
insert into participants(id) values(868);
insert into ages(id, birthday) values(868, '2000-01-07');
insert into exercise(id, hours_per_week) values(868, 6.271336598720925);
insert into thanatol(id, mmol_per_l) values(868, 14.610094507180488);
insert into participants(id) values(818);
insert into ages(id, birthday) values(818, '1999-12-18');
insert into exercise(id, hours_per_week) values(818, 6.203340842526731);
insert into thanatol(id, mmol_per_l) values(818, 14.708049486438822);
insert into participants(id) values(13);
insert into ages(id, birthday) values(13, '1999-11-29');
insert into exercise(id, hours_per_week) values(13, 5.994582004717064);
insert into thanatol(id, mmol_per_l) values(13, 14.993145394813034);
insert into participants(id) values(962);
insert into ages(id, birthday) values(962, '1999-11-09');
insert into exercise(id, hours_per_week) values(962, 6.111147917821168);
insert into thanatol(id, mmol_per_l) values(962, 14.846012841611811);
insert into participants(id) values(250);
insert into ages(id, birthday) values(250, '1999-10-20');
insert into exercise(id, hours_per_week) values(250, 6.151759297119545);
insert into thanatol(id, mmol_per_l) values(250, 14.79975245929102);
insert into participants(id) values(964);
insert into ages(id, birthday) values(964, '1999-10-01');
insert into exercise(id, hours_per_week) values(964, 6.17037285821601);
insert into thanatol(id, mmol_per_l) values(964, 14.782712261671588);
insert into participants(id) values(620);
insert into ages(id, birthday) values(620, '1999-09-11');
insert into exercise(id, hours_per_week) values(620, 6.251461702254208);
insert into thanatol(id, mmol_per_l) values(620, 14.68245516651185);
insert into participants(id) values(450);
insert into ages(id, birthday) values(450, '1999-08-22');
insert into exercise(id, hours_per_week) values(450, 6.0666606685271605);
insert into thanatol(id, mmol_per_l) values(450, 14.936324593505862);
insert into participants(id) values(648);
insert into ages(id, birthday) values(648, '1999-08-02');
insert into exercise(id, hours_per_week) values(648, 6.174692045444224);
insert into thanatol(id, mmol_per_l) values(648, 14.800113197802457);
insert into participants(id) values(38);
insert into ages(id, birthday) values(38, '1999-07-14');
insert into exercise(id, hours_per_week) values(38, 6.1133493210672905);
insert into thanatol(id, mmol_per_l) values(38, 14.889640453733348);
insert into participants(id) values(660);
insert into ages(id, birthday) values(660, '1999-06-24');
insert into exercise(id, hours_per_week) values(660, 6.217060869945147);
insert into thanatol(id, mmol_per_l) values(660, 14.759010669293271);
insert into participants(id) values(67);
insert into ages(id, birthday) values(67, '1999-06-04');
insert into exercise(id, hours_per_week) values(67, 6.137822871521558);
insert into thanatol(id, mmol_per_l) values(67, 14.87248497098562);
insert into participants(id) values(195);
insert into ages(id, birthday) values(195, '1999-05-15');
insert into exercise(id, hours_per_week) values(195, 6.2571547549012285);
insert into thanatol(id, mmol_per_l) values(195, 14.720829115808382);
insert into participants(id) values(309);
insert into ages(id, birthday) values(309, '1999-04-26');
insert into exercise(id, hours_per_week) values(309, 6.109497456730746);
insert into thanatol(id, mmol_per_l) values(309, 14.925824518637915);
insert into participants(id) values(268);
insert into ages(id, birthday) values(268, '1999-04-06');
insert into exercise(id, hours_per_week) values(268, 6.137925235007629);
insert into thanatol(id, mmol_per_l) values(268, 14.8955742571898);
insert into participants(id) values(452);
insert into ages(id, birthday) values(452, '1999-03-17');
insert into exercise(id, hours_per_week) values(452, 6.4079751403665055);
insert into thanatol(id, mmol_per_l) values(452, 14.542033258158323);
insert into participants(id) values(990);
insert into ages(id, birthday) values(990, '1999-02-26');
insert into exercise(id, hours_per_week) values(990, 6.157719284282011);
insert into thanatol(id, mmol_per_l) values(990, 14.884563237548699);
insert into participants(id) values(693);
insert into ages(id, birthday) values(693, '1999-02-06');
insert into exercise(id, hours_per_week) values(693, 6.212226703075806);
insert into thanatol(id, mmol_per_l) values(693, 14.819293613015931);
insert into participants(id) values(477);
insert into ages(id, birthday) values(477, '1999-01-17');
insert into exercise(id, hours_per_week) values(477, 6.33850912077605);
insert into thanatol(id, mmol_per_l) values(477, 14.657775269211891);
insert into participants(id) values(876);
insert into ages(id, birthday) values(876, '1998-12-28');
insert into exercise(id, hours_per_week) values(876, 6.090838439243192);
insert into thanatol(id, mmol_per_l) values(876, 14.997409564192969);
insert into participants(id) values(315);
insert into ages(id, birthday) values(315, '1998-12-09');
insert into exercise(id, hours_per_week) values(315, 6.156624356671781);
insert into thanatol(id, mmol_per_l) values(315, 14.916944781823256);
insert into participants(id) values(99);
insert into ages(id, birthday) values(99, '1998-11-19');
insert into exercise(id, hours_per_week) values(99, 6.120670656262169);
insert into thanatol(id, mmol_per_l) values(99, 14.972923912341296);
insert into participants(id) values(440);
insert into ages(id, birthday) values(440, '1998-10-30');
insert into exercise(id, hours_per_week) values(440, 6.479854599077264);
insert into thanatol(id, mmol_per_l) values(440, 14.498400635617338);
insert into participants(id) values(19);
insert into ages(id, birthday) values(19, '1998-10-10');
insert into exercise(id, hours_per_week) values(19, 6.098661836649354);
insert into thanatol(id, mmol_per_l) values(19, 15.017998457746039);
insert into participants(id) values(824);
insert into ages(id, birthday) values(824, '1998-09-21');
insert into exercise(id, hours_per_week) values(824, 6.2441662072710145);
insert into thanatol(id, mmol_per_l) values(824, 14.83019637036608);
insert into participants(id) values(864);
insert into ages(id, birthday) values(864, '1998-09-01');
insert into exercise(id, hours_per_week) values(864, 6.320782143088486);
insert into thanatol(id, mmol_per_l) values(864, 14.734832353522316);
insert into participants(id) values(550);
insert into ages(id, birthday) values(550, '1998-08-12');
insert into exercise(id, hours_per_week) values(550, 6.137103388473021);
insert into thanatol(id, mmol_per_l) values(550, 14.989583826968811);
insert into participants(id) values(607);
insert into ages(id, birthday) values(607, '1998-07-23');
insert into exercise(id, hours_per_week) values(607, 6.134108702922269);
insert into thanatol(id, mmol_per_l) values(607, 15.001357759224408);
insert into participants(id) values(168);
insert into ages(id, birthday) values(168, '1998-07-04');
insert into exercise(id, hours_per_week) values(168, 6.547919010291276);
insert into thanatol(id, mmol_per_l) values(168, 14.451752634942052);
insert into participants(id) values(508);
insert into ages(id, birthday) values(508, '1998-06-14');
insert into exercise(id, hours_per_week) values(508, 6.215298741296603);
insert into thanatol(id, mmol_per_l) values(508, 14.907437966458144);
insert into participants(id) values(25);
insert into ages(id, birthday) values(25, '1998-05-25');
insert into exercise(id, hours_per_week) values(25, 6.3837658781631115);
insert into thanatol(id, mmol_per_l) values(25, 14.687988244576992);
insert into participants(id) values(201);
insert into ages(id, birthday) values(201, '1998-05-06');
insert into exercise(id, hours_per_week) values(201, 6.227363533738651);
insert into thanatol(id, mmol_per_l) values(201, 14.906539492596101);
insert into participants(id) values(300);
insert into ages(id, birthday) values(300, '1998-04-16');
insert into exercise(id, hours_per_week) values(300, 6.237170855393438);
insert into thanatol(id, mmol_per_l) values(300, 14.900982840882897);
insert into participants(id) values(166);
insert into ages(id, birthday) values(166, '1998-03-27');
insert into exercise(id, hours_per_week) values(166, 6.350664245199562);
insert into thanatol(id, mmol_per_l) values(166, 14.755400335459093);
insert into participants(id) values(54);
insert into ages(id, birthday) values(54, '1998-03-07');
insert into exercise(id, hours_per_week) values(54, 6.196878567934967);
insert into thanatol(id, mmol_per_l) values(54, 14.970765449838593);
insert into participants(id) values(928);
insert into ages(id, birthday) values(928, '1998-02-16');
insert into exercise(id, hours_per_week) values(928, 6.168645517112815);
insert into thanatol(id, mmol_per_l) values(928, 15.016630133045574);
insert into participants(id) values(984);
insert into ages(id, birthday) values(984, '1998-01-27');
insert into exercise(id, hours_per_week) values(984, 6.255916622907995);
insert into thanatol(id, mmol_per_l) values(984, 14.90632249161308);
insert into participants(id) values(329);
insert into ages(id, birthday) values(329, '1998-01-07');
insert into exercise(id, hours_per_week) values(329, 6.316755996679144);
insert into thanatol(id, mmol_per_l) values(329, 14.831659047891224);
insert into participants(id) values(73);
insert into ages(id, birthday) values(73, '1997-12-18');
insert into exercise(id, hours_per_week) values(73, 6.0234000111563155);
insert into thanatol(id, mmol_per_l) values(73, 15.236428648988996);
insert into participants(id) values(804);
insert into ages(id, birthday) values(804, '1997-11-29');
insert into exercise(id, hours_per_week) values(804, 6.031703024549497);
insert into thanatol(id, mmol_per_l) values(804, 15.233003648368902);
insert into participants(id) values(71);
insert into ages(id, birthday) values(71, '1997-11-09');
insert into exercise(id, hours_per_week) values(71, 6.154964096153006);
insert into thanatol(id, mmol_per_l) values(71, 15.073774526062914);
insert into participants(id) values(327);
insert into ages(id, birthday) values(327, '1997-10-20');
insert into exercise(id, hours_per_week) values(327, 6.420101759302573);
insert into thanatol(id, mmol_per_l) values(327, 14.722002564355686);
insert into participants(id) values(872);
insert into ages(id, birthday) values(872, '1997-10-01');
insert into exercise(id, hours_per_week) values(872, 6.3122052491325595);
insert into thanatol(id, mmol_per_l) values(872, 14.875921095230828);
insert into participants(id) values(766);
insert into ages(id, birthday) values(766, '1997-09-11');
insert into exercise(id, hours_per_week) values(766, 6.216917797080386);
insert into thanatol(id, mmol_per_l) values(766, 15.012875357584406);
insert into participants(id) values(745);
insert into ages(id, birthday) values(745, '1997-08-22');
insert into exercise(id, hours_per_week) values(745, 6.2525420786679895);
insert into thanatol(id, mmol_per_l) values(745, 14.972184942435888);
insert into participants(id) values(568);
insert into ages(id, birthday) values(568, '1997-08-02');
insert into exercise(id, hours_per_week) values(568, 6.220679543677781);
insert into thanatol(id, mmol_per_l) values(568, 15.023138488725056);
insert into participants(id) values(183);
insert into ages(id, birthday) values(183, '1997-07-14');
insert into exercise(id, hours_per_week) values(183, 6.312161892506347);
insert into thanatol(id, mmol_per_l) values(183, 14.906463478325737);
insert into participants(id) values(983);
insert into ages(id, birthday) values(983, '1997-06-24');
insert into exercise(id, hours_per_week) values(983, 6.18462401720086);
insert into thanatol(id, mmol_per_l) values(983, 15.087545728574614);
insert into participants(id) values(433);
insert into ages(id, birthday) values(433, '1997-06-04');
insert into exercise(id, hours_per_week) values(433, 6.374786714910299);
insert into thanatol(id, mmol_per_l) values(433, 14.836487143617816);
insert into participants(id) values(84);
insert into ages(id, birthday) values(84, '1997-05-15');
insert into exercise(id, hours_per_week) values(84, 6.2537033140020215);
insert into thanatol(id, mmol_per_l) values(84, 15.00891558848111);
insert into participants(id) values(410);
insert into ages(id, birthday) values(410, '1997-04-26');
insert into exercise(id, hours_per_week) values(410, 6.099384339326708);
insert into thanatol(id, mmol_per_l) values(410, 15.226784575619837);
insert into participants(id) values(224);
insert into ages(id, birthday) values(224, '1997-04-06');
insert into exercise(id, hours_per_week) values(224, 6.521169515592164);
insert into thanatol(id, mmol_per_l) values(224, 14.659720403035822);
insert into participants(id) values(643);
insert into ages(id, birthday) values(643, '1997-03-17');
insert into exercise(id, hours_per_week) values(643, 6.183952829832412);
insert into thanatol(id, mmol_per_l) values(643, 15.127008566086431);
insert into participants(id) values(810);
insert into ages(id, birthday) values(810, '1997-02-26');
insert into exercise(id, hours_per_week) values(810, 6.2444276290655845);
insert into thanatol(id, mmol_per_l) values(810, 15.052215990524969);
insert into participants(id) values(278);
insert into ages(id, birthday) values(278, '1997-02-06');
insert into exercise(id, hours_per_week) values(278, 6.222976743815952);
insert into thanatol(id, mmol_per_l) values(278, 15.08916317191577);
insert into participants(id) values(312);
insert into ages(id, birthday) values(312, '1997-01-17');
insert into exercise(id, hours_per_week) values(312, 6.379792756985567);
insert into thanatol(id, mmol_per_l) values(312, 14.88269228515137);
insert into participants(id) values(424);
insert into ages(id, birthday) values(424, '1996-12-28');
insert into exercise(id, hours_per_week) values(424, 6.349573842945189);
insert into thanatol(id, mmol_per_l) values(424, 14.931555245013733);
insert into participants(id) values(213);
insert into ages(id, birthday) values(213, '1996-12-09');
insert into exercise(id, hours_per_week) values(213, 6.515521097440206);
insert into thanatol(id, mmol_per_l) values(213, 14.712295753823632);
insert into participants(id) values(131);
insert into ages(id, birthday) values(131, '1996-11-19');
insert into exercise(id, hours_per_week) values(131, 6.450687584030006);
insert into thanatol(id, mmol_per_l) values(131, 14.808449537579964);
insert into participants(id) values(659);
insert into ages(id, birthday) values(659, '1996-10-30');
insert into exercise(id, hours_per_week) values(659, 6.484828758264517);
insert into thanatol(id, mmol_per_l) values(659, 14.769254793420426);
insert into participants(id) values(76);
insert into ages(id, birthday) values(76, '1996-10-10');
insert into exercise(id, hours_per_week) values(76, 6.246549530852802);
insert into thanatol(id, mmol_per_l) values(76, 15.102986626871031);
insert into participants(id) values(581);
insert into ages(id, birthday) values(581, '1996-09-21');
insert into exercise(id, hours_per_week) values(581, 6.302261812880777);
insert into thanatol(id, mmol_per_l) values(581, 15.034338046433042);
insert into participants(id) values(683);
insert into ages(id, birthday) values(683, '1996-09-01');
insert into exercise(id, hours_per_week) values(683, 6.354681744870394);
insert into thanatol(id, mmol_per_l) values(683, 14.970124200157548);
insert into participants(id) values(141);
insert into ages(id, birthday) values(141, '1996-08-12');
insert into exercise(id, hours_per_week) values(141, 6.446591357245494);
insert into thanatol(id, mmol_per_l) values(141, 14.851689364431797);
insert into participants(id) values(718);
insert into ages(id, birthday) values(718, '1996-07-23');
insert into exercise(id, hours_per_week) values(718, 6.288654803556413);
insert into thanatol(id, mmol_per_l) values(718, 15.075888707337203);
insert into participants(id) values(120);
insert into ages(id, birthday) values(120, '1996-07-04');
insert into exercise(id, hours_per_week) values(120, 6.304223708102892);
insert into thanatol(id, mmol_per_l) values(120, 15.062156261658);
insert into participants(id) values(705);
insert into ages(id, birthday) values(705, '1996-06-14');
insert into exercise(id, hours_per_week) values(705, 6.359414492425405);
insert into thanatol(id, mmol_per_l) values(705, 14.993990167313253);
insert into participants(id) values(775);
insert into ages(id, birthday) values(775, '1996-05-25');
insert into exercise(id, hours_per_week) values(775, 6.463230497223127);
insert into thanatol(id, mmol_per_l) values(775, 14.858937433429261);
insert into participants(id) values(754);
insert into ages(id, birthday) values(754, '1996-05-06');
insert into exercise(id, hours_per_week) values(754, 6.318209283978667);
insert into thanatol(id, mmol_per_l) values(754, 15.065809909390872);
insert into participants(id) values(487);
insert into ages(id, birthday) values(487, '1996-04-16');
insert into exercise(id, hours_per_week) values(487, 6.189449772030308);
insert into thanatol(id, mmol_per_l) values(487, 15.250518155240787);
insert into participants(id) values(671);
insert into ages(id, birthday) values(671, '1996-03-27');
insert into exercise(id, hours_per_week) values(671, 6.2518635189206995);
insert into thanatol(id, mmol_per_l) values(671, 15.172339157747734);
insert into participants(id) values(986);
insert into ages(id, birthday) values(986, '1996-03-07');
insert into exercise(id, hours_per_week) values(986, 6.2329007109396475);
insert into thanatol(id, mmol_per_l) values(986, 15.206109129317147);
insert into participants(id) values(916);
insert into ages(id, birthday) values(916, '1996-02-17');
insert into exercise(id, hours_per_week) values(916, 6.480139862609309);
insert into thanatol(id, mmol_per_l) values(916, 14.873225106623565);
insert into participants(id) values(871);
insert into ages(id, birthday) values(871, '1996-01-28');
insert into exercise(id, hours_per_week) values(871, 6.314879686410296);
insert into thanatol(id, mmol_per_l) values(871, 15.108482025995016);
insert into participants(id) values(965);
insert into ages(id, birthday) values(965, '1996-01-08');
insert into exercise(id, hours_per_week) values(965, 6.539755004878191);
insert into thanatol(id, mmol_per_l) values(965, 14.806033562385718);
insert into participants(id) values(640);
insert into ages(id, birthday) values(640, '1995-12-19');
insert into exercise(id, hours_per_week) values(640, 6.3513523125228115);
insert into thanatol(id, mmol_per_l) values(640, 15.073404705542856);
insert into participants(id) values(619);
insert into ages(id, birthday) values(619, '1995-11-30');
insert into exercise(id, hours_per_week) values(619, 6.25036775536459);
insert into thanatol(id, mmol_per_l) values(619, 15.220380443290601);
insert into participants(id) values(29);
insert into ages(id, birthday) values(29, '1995-11-10');
insert into exercise(id, hours_per_week) values(29, 6.37202092661317);
insert into thanatol(id, mmol_per_l) values(29, 15.060050175241441);
insert into participants(id) values(219);
insert into ages(id, birthday) values(219, '1995-10-21');
insert into exercise(id, hours_per_week) values(219, 6.373926168096379);
insert into thanatol(id, mmol_per_l) values(219, 15.064997142889546);
insert into participants(id) values(258);
insert into ages(id, birthday) values(258, '1995-10-02');
insert into exercise(id, hours_per_week) values(258, 6.350424974534444);
insert into thanatol(id, mmol_per_l) values(258, 15.105061199294125);
insert into participants(id) values(135);
insert into ages(id, birthday) values(135, '1995-09-12');
insert into exercise(id, hours_per_week) values(135, 6.221026755721618);
insert into thanatol(id, mmol_per_l) values(135, 15.29161473397883);
insert into participants(id) values(678);
insert into ages(id, birthday) values(678, '1995-08-23');
insert into exercise(id, hours_per_week) values(678, 6.363707193816957);
insert into thanatol(id, mmol_per_l) values(678, 15.101871103783317);
insert into participants(id) values(181);
insert into ages(id, birthday) values(181, '1995-08-03');
insert into exercise(id, hours_per_week) values(181, 6.396569029221851);
insert into thanatol(id, mmol_per_l) values(181, 15.063962196456421);
insert into participants(id) values(633);
insert into ages(id, birthday) values(633, '1995-07-15');
insert into exercise(id, hours_per_week) values(633, 6.302196835892448);
insert into thanatol(id, mmol_per_l) values(633, 15.202239023521015);
insert into participants(id) values(62);
insert into ages(id, birthday) values(62, '1995-06-25');
insert into exercise(id, hours_per_week) values(62, 6.320583578663338);
insert into thanatol(id, mmol_per_l) values(62, 15.184386648440753);
insert into participants(id) values(981);
insert into ages(id, birthday) values(981, '1995-06-05');
insert into exercise(id, hours_per_week) values(981, 6.388290344985668);
insert into thanatol(id, mmol_per_l) values(981, 15.098127170330681);
insert into participants(id) values(932);
insert into ages(id, birthday) values(932, '1995-05-16');
insert into exercise(id, hours_per_week) values(932, 6.375495568445665);
insert into thanatol(id, mmol_per_l) values(932, 15.123443830767728);
insert into participants(id) values(675);
insert into ages(id, birthday) values(675, '1995-04-27');
insert into exercise(id, hours_per_week) values(675, 6.4425202130866115);
insert into thanatol(id, mmol_per_l) values(675, 15.037998780709989);
insert into participants(id) values(380);
insert into ages(id, birthday) values(380, '1995-04-07');
insert into exercise(id, hours_per_week) values(380, 6.588549943054679);
insert into thanatol(id, mmol_per_l) values(380, 14.842756364786933);
insert into participants(id) values(812);
insert into ages(id, birthday) values(812, '1995-03-18');
insert into exercise(id, hours_per_week) values(812, 6.385907320454609);
insert into thanatol(id, mmol_per_l) values(812, 15.131709760440241);
insert into participants(id) values(993);
insert into ages(id, birthday) values(993, '1995-02-27');
insert into exercise(id, hours_per_week) values(993, 6.493388007807744);
insert into thanatol(id, mmol_per_l) values(993, 14.989885394552942);
insert into participants(id) values(921);
insert into ages(id, birthday) values(921, '1995-02-07');
insert into exercise(id, hours_per_week) values(921, 6.310986096766321);
insert into thanatol(id, mmol_per_l) values(921, 15.25103871685987);
insert into participants(id) values(223);
insert into ages(id, birthday) values(223, '1995-01-18');
insert into exercise(id, hours_per_week) values(223, 6.410976486531728);
insert into thanatol(id, mmol_per_l) values(223, 15.119538661441803);
insert into participants(id) values(743);
insert into ages(id, birthday) values(743, '1994-12-29');
insert into exercise(id, hours_per_week) values(743, 6.440936147447266);
insert into thanatol(id, mmol_per_l) values(743, 15.085385642468582);
insert into participants(id) values(535);
insert into ages(id, birthday) values(535, '1994-12-10');
insert into exercise(id, hours_per_week) values(535, 6.3969646068322366);
insert into thanatol(id, mmol_per_l) values(535, 15.154158019395659);
insert into participants(id) values(96);
insert into ages(id, birthday) values(96, '1994-11-20');
insert into exercise(id, hours_per_week) values(96, 6.46980510893561);
insert into thanatol(id, mmol_per_l) values(96, 15.060221375232196);
insert into participants(id) values(605);
insert into ages(id, birthday) values(605, '1994-10-31');
insert into exercise(id, hours_per_week) values(605, 6.426393228250356);
insert into thanatol(id, mmol_per_l) values(605, 15.128254568121088);
insert into participants(id) values(155);
insert into ages(id, birthday) values(155, '1994-10-11');
insert into exercise(id, hours_per_week) values(155, 6.485331200638992);
insert into thanatol(id, mmol_per_l) values(155, 15.053587839602924);
insert into participants(id) values(298);
insert into ages(id, birthday) values(298, '1994-09-22');
insert into exercise(id, hours_per_week) values(298, 6.345563791254981);
insert into thanatol(id, mmol_per_l) values(298, 15.256136769454825);
insert into participants(id) values(210);
insert into ages(id, birthday) values(210, '1994-09-02');
insert into exercise(id, hours_per_week) values(210, 6.519663306523822);
insert into thanatol(id, mmol_per_l) values(210, 15.02065388067512);
insert into participants(id) values(681);
insert into ages(id, birthday) values(681, '1994-08-13');
insert into exercise(id, hours_per_week) values(681, 6.349270618962579);
insert into thanatol(id, mmol_per_l) values(681, 15.266154015673125);
insert into participants(id) values(627);
insert into ages(id, birthday) values(627, '1994-07-24');
insert into exercise(id, hours_per_week) values(627, 6.370553241824496);
insert into thanatol(id, mmol_per_l) values(627, 15.244004391985982);
insert into participants(id) values(121);
insert into ages(id, birthday) values(121, '1994-07-05');
insert into exercise(id, hours_per_week) values(121, 6.482329828195885);
insert into thanatol(id, mmol_per_l) values(121, 15.095287372280227);
insert into participants(id) values(762);
insert into ages(id, birthday) values(762, '1994-06-15');
insert into exercise(id, hours_per_week) values(762, 6.689468596946404);
insert into thanatol(id, mmol_per_l) values(762, 14.813003662480462);
insert into participants(id) values(706);
insert into ages(id, birthday) values(706, '1994-05-26');
insert into exercise(id, hours_per_week) values(706, 6.5113608215481635);
insert into thanatol(id, mmol_per_l) values(706, 15.069658204526485);
insert into participants(id) values(504);
insert into ages(id, birthday) values(504, '1994-05-07');
insert into exercise(id, hours_per_week) values(504, 6.409540218477953);
insert into thanatol(id, mmol_per_l) values(504, 15.219728813737632);
insert into participants(id) values(140);
insert into ages(id, birthday) values(140, '1994-04-17');
insert into exercise(id, hours_per_week) values(140, 6.492165228468257);
insert into thanatol(id, mmol_per_l) values(140, 15.11151769070826);
insert into participants(id) values(180);
insert into ages(id, birthday) values(180, '1994-03-28');
insert into exercise(id, hours_per_week) values(180, 6.33206245735232);
insert into thanatol(id, mmol_per_l) values(180, 15.343441715187902);
insert into participants(id) values(122);
insert into ages(id, birthday) values(122, '1994-03-08');
insert into exercise(id, hours_per_week) values(122, 6.46557715665082);
insert into thanatol(id, mmol_per_l) values(122, 15.163798276517976);
insert into participants(id) values(881);
insert into ages(id, birthday) values(881, '1994-02-17');
insert into exercise(id, hours_per_week) values(881, 6.393630119960407);
insert into thanatol(id, mmol_per_l) values(881, 15.272266184571388);
insert into participants(id) values(136);
insert into ages(id, birthday) values(136, '1994-01-28');
insert into exercise(id, hours_per_week) values(136, 6.40406812375917);
insert into thanatol(id, mmol_per_l) values(136, 15.265176950583653);
insert into participants(id) values(624);
insert into ages(id, birthday) values(624, '1994-01-08');
insert into exercise(id, hours_per_week) values(624, 6.5748666426257145);
insert into thanatol(id, mmol_per_l) values(624, 15.032837887048716);
insert into participants(id) values(70);
insert into ages(id, birthday) values(70, '1993-12-19');
insert into exercise(id, hours_per_week) values(70, 6.644306654643756);
insert into thanatol(id, mmol_per_l) values(70, 14.94269555975235);
insert into participants(id) values(623);
insert into ages(id, birthday) values(623, '1993-11-30');
insert into exercise(id, hours_per_week) values(623, 6.522518882875105);
insert into thanatol(id, mmol_per_l) values(623, 15.121312640887487);
insert into participants(id) values(913);
insert into ages(id, birthday) values(913, '1993-11-10');
insert into exercise(id, hours_per_week) values(913, 6.7610513465104);
insert into thanatol(id, mmol_per_l) values(913, 14.79325781250707);
insert into participants(id) values(346);
insert into ages(id, birthday) values(346, '1993-10-21');
insert into exercise(id, hours_per_week) values(346, 6.442271031523134);
insert into thanatol(id, mmol_per_l) values(346, 15.249197718184623);
insert into participants(id) values(611);
insert into ages(id, birthday) values(611, '1993-10-02');
insert into exercise(id, hours_per_week) values(611, 6.471834768055271);
insert into thanatol(id, mmol_per_l) values(611, 15.215101531990749);
insert into participants(id) values(512);
insert into ages(id, birthday) values(512, '1993-09-12');
insert into exercise(id, hours_per_week) values(512, 6.4818858642800885);
insert into thanatol(id, mmol_per_l) values(512, 15.208452214512615);
insert into participants(id) values(205);
insert into ages(id, birthday) values(205, '1993-08-23');
insert into exercise(id, hours_per_week) values(205, 6.445625321700231);
insert into thanatol(id, mmol_per_l) values(205, 15.267061515700956);
insert into participants(id) values(794);
insert into ages(id, birthday) values(794, '1993-08-03');
insert into exercise(id, hours_per_week) values(794, 6.385410927801026);
insert into thanatol(id, mmol_per_l) values(794, 15.359498922581118);
insert into participants(id) values(384);
insert into ages(id, birthday) values(384, '1993-07-15');
insert into exercise(id, hours_per_week) values(384, 6.437238815130085);
insert into thanatol(id, mmol_per_l) values(384, 15.293949563519178);
insert into participants(id) values(749);
insert into ages(id, birthday) values(749, '1993-06-25');
insert into exercise(id, hours_per_week) values(749, 6.512837738508644);
insert into thanatol(id, mmol_per_l) values(749, 15.194775210640964);
insert into participants(id) values(807);
insert into ages(id, birthday) values(807, '1993-06-05');
insert into exercise(id, hours_per_week) values(807, 6.454182443687945);
insert into thanatol(id, mmol_per_l) values(807, 15.285089688790336);
insert into participants(id) values(628);
insert into ages(id, birthday) values(628, '1993-05-16');
insert into exercise(id, hours_per_week) values(628, 6.604626866824731);
insert into thanatol(id, mmol_per_l) values(628, 15.080049592100996);
insert into participants(id) values(391);
insert into ages(id, birthday) values(391, '1993-04-27');
insert into exercise(id, hours_per_week) values(391, 6.522201642500535);
insert into thanatol(id, mmol_per_l) values(391, 15.203982759257544);
insert into participants(id) values(479);
insert into ages(id, birthday) values(479, '1993-04-07');
insert into exercise(id, hours_per_week) values(479, 6.3923564779789706);
insert into thanatol(id, mmol_per_l) values(479, 15.395095838286885);
insert into participants(id) values(673);
insert into ages(id, birthday) values(673, '1993-03-18');
insert into exercise(id, hours_per_week) values(673, 6.561625429010147);
insert into thanatol(id, mmol_per_l) values(673, 15.16314869797823);
insert into participants(id) values(193);
insert into ages(id, birthday) values(193, '1993-02-27');
insert into exercise(id, hours_per_week) values(193, 6.490216540398849);
insert into thanatol(id, mmol_per_l) values(193, 15.271688043619143);
insert into participants(id) values(10);
insert into ages(id, birthday) values(10, '1993-02-07');
insert into exercise(id, hours_per_week) values(10, 6.627330453771251);
insert into thanatol(id, mmol_per_l) values(10, 15.084981066944225);
insert into participants(id) values(17);
insert into ages(id, birthday) values(17, '1993-01-18');
insert into exercise(id, hours_per_week) values(17, 6.541967097509362);
insert into thanatol(id, mmol_per_l) values(17, 15.213348401050633);
insert into participants(id) values(466);
insert into ages(id, birthday) values(466, '1992-12-29');
insert into exercise(id, hours_per_week) values(466, 6.605335182912085);
insert into thanatol(id, mmol_per_l) values(466, 15.130968806311516);
insert into participants(id) values(663);
insert into ages(id, birthday) values(663, '1992-12-10');
insert into exercise(id, hours_per_week) values(663, 6.450173650448111);
insert into thanatol(id, mmol_per_l) values(663, 15.358475692271712);
insert into participants(id) values(501);
insert into ages(id, birthday) values(501, '1992-11-20');
insert into exercise(id, hours_per_week) values(501, 6.419102129151177);
insert into thanatol(id, mmol_per_l) values(501, 15.410095835556731);
insert into participants(id) values(446);
insert into ages(id, birthday) values(446, '1992-10-31');
insert into exercise(id, hours_per_week) values(446, 6.471189065437272);
insert into thanatol(id, mmol_per_l) values(446, 15.34368700029381);
insert into participants(id) values(843);
insert into ages(id, birthday) values(843, '1992-10-11');
insert into exercise(id, hours_per_week) values(843, 6.435594072646894);
insert into thanatol(id, mmol_per_l) values(843, 15.401761501126467);
insert into participants(id) values(899);
insert into ages(id, birthday) values(899, '1992-09-22');
insert into exercise(id, hours_per_week) values(899, 6.629145327436342);
insert into thanatol(id, mmol_per_l) values(899, 15.134214691006497);
insert into participants(id) values(853);
insert into ages(id, birthday) values(853, '1992-09-02');
insert into exercise(id, hours_per_week) values(853, 6.615299000371132);
insert into thanatol(id, mmol_per_l) values(853, 15.161303799781157);
insert into participants(id) values(802);
insert into ages(id, birthday) values(802, '1992-08-13');
insert into exercise(id, hours_per_week) values(802, 6.4727695606958076);
insert into thanatol(id, mmol_per_l) values(802, 15.371480029598544);
insert into participants(id) values(319);
insert into ages(id, birthday) values(319, '1992-07-24');
insert into exercise(id, hours_per_week) values(319, 6.718039419652763);
insert into thanatol(id, mmol_per_l) values(319, 15.029891692429365);
insert into participants(id) values(330);
insert into ages(id, birthday) values(330, '1992-07-05');
insert into exercise(id, hours_per_week) values(330, 6.592909054897741);
insert into thanatol(id, mmol_per_l) values(330, 15.215418078658745);
insert into participants(id) values(903);
insert into ages(id, birthday) values(903, '1992-06-15');
insert into exercise(id, hours_per_week) values(903, 6.5399571997158885);
insert into thanatol(id, mmol_per_l) values(903, 15.298284916234893);
insert into participants(id) values(538);
insert into ages(id, birthday) values(538, '1992-05-26');
insert into exercise(id, hours_per_week) values(538, 6.496895326576632);
insert into thanatol(id, mmol_per_l) values(538, 15.36712812098239);
insert into participants(id) values(773);
insert into ages(id, birthday) values(773, '1992-05-07');
insert into exercise(id, hours_per_week) values(773, 6.675409000335416);
insert into thanatol(id, mmol_per_l) values(773, 15.120042207089229);
insert into participants(id) values(814);
insert into ages(id, birthday) values(814, '1992-04-17');
insert into exercise(id, hours_per_week) values(814, 6.5687930404979);
insert into thanatol(id, mmol_per_l) values(814, 15.27952980623323);
insert into participants(id) values(39);
insert into ages(id, birthday) values(39, '1992-03-28');
insert into exercise(id, hours_per_week) values(39, 6.627237783551297);
insert into thanatol(id, mmol_per_l) values(39, 15.203543037318205);
insert into participants(id) values(204);
insert into ages(id, birthday) values(204, '1992-03-08');
insert into exercise(id, hours_per_week) values(204, 6.471758676681076);
insert into thanatol(id, mmol_per_l) values(204, 15.43299793627672);
insert into participants(id) values(776);
insert into ages(id, birthday) values(776, '1992-02-18');
insert into exercise(id, hours_per_week) values(776, 6.623343068743008);
insert into thanatol(id, mmol_per_l) values(776, 15.223911957990685);
insert into participants(id) values(144);
insert into ages(id, birthday) values(144, '1992-01-29');
insert into exercise(id, hours_per_week) values(144, 6.633112967341185);
insert into thanatol(id, mmol_per_l) values(144, 15.217349778811787);
insert into participants(id) values(132);
insert into ages(id, birthday) values(132, '1992-01-09');
insert into exercise(id, hours_per_week) values(132, 6.655737405887139);
insert into thanatol(id, mmol_per_l) values(132, 15.192388553525744);
insert into participants(id) values(690);
insert into ages(id, birthday) values(690, '1991-12-20');
insert into exercise(id, hours_per_week) values(690, 6.806633743660769);
insert into thanatol(id, mmol_per_l) values(690, 14.983843250673536);
insert into participants(id) values(243);
insert into ages(id, birthday) values(243, '1991-12-01');
insert into exercise(id, hours_per_week) values(243, 6.512955458943726);
insert into thanatol(id, mmol_per_l) values(243, 15.411568014763189);
insert into participants(id) values(558);
insert into ages(id, birthday) values(558, '1991-11-11');
insert into exercise(id, hours_per_week) values(558, 6.59281842680633);
insert into thanatol(id, mmol_per_l) values(558, 15.30465722016752);
insert into participants(id) values(930);
insert into ages(id, birthday) values(930, '1991-10-22');
insert into exercise(id, hours_per_week) values(930, 6.636616064797748);
insert into thanatol(id, mmol_per_l) values(930, 15.249318847064355);
insert into participants(id) values(563);
insert into ages(id, birthday) values(563, '1991-10-03');
insert into exercise(id, hours_per_week) values(563, 6.598028025244565);
insert into thanatol(id, mmol_per_l) values(563, 15.312039664500707);
insert into participants(id) values(874);
insert into ages(id, birthday) values(874, '1991-09-13');
insert into exercise(id, hours_per_week) values(874, 6.605254104406545);
insert into thanatol(id, mmol_per_l) values(874, 15.309096506296836);
insert into participants(id) values(873);
insert into ages(id, birthday) values(873, '1991-08-24');
insert into exercise(id, hours_per_week) values(873, 6.459050912322158);
insert into thanatol(id, mmol_per_l) values(873, 15.526335042045766);
insert into participants(id) values(801);
insert into ages(id, birthday) values(801, '1991-08-04');
insert into exercise(id, hours_per_week) values(801, 6.528190429360063);
insert into thanatol(id, mmol_per_l) values(801, 15.434581247604553);
insert into participants(id) values(317);
insert into ages(id, birthday) values(317, '1991-07-16');
insert into exercise(id, hours_per_week) values(317, 6.4615773392556415);
insert into thanatol(id, mmol_per_l) values(317, 15.537743378982805);
insert into participants(id) values(668);
insert into ages(id, birthday) values(668, '1991-06-26');
insert into exercise(id, hours_per_week) values(668, 6.430103360092684);
insert into thanatol(id, mmol_per_l) values(668, 15.590495464243626);
insert into participants(id) values(241);
insert into ages(id, birthday) values(241, '1991-06-06');
insert into exercise(id, hours_per_week) values(241, 6.5981646365198845);
insert into thanatol(id, mmol_per_l) values(241, 15.35637654852226);
insert into participants(id) values(636);
insert into ages(id, birthday) values(636, '1991-05-17');
insert into exercise(id, hours_per_week) values(636, 6.535408776759994);
insert into thanatol(id, mmol_per_l) values(636, 15.454079883317478);
insert into participants(id) values(233);
insert into ages(id, birthday) values(233, '1991-04-28');
insert into exercise(id, hours_per_week) values(233, 6.56582784790619);
insert into thanatol(id, mmol_per_l) values(233, 15.417763300608224);
insert into participants(id) values(893);
insert into ages(id, birthday) values(893, '1991-04-08');
insert into exercise(id, hours_per_week) values(893, 6.6491637222199085);
insert into thanatol(id, mmol_per_l) values(893, 15.30520424000333);
insert into participants(id) values(431);
insert into ages(id, birthday) values(431, '1991-03-19');
insert into exercise(id, hours_per_week) values(431, 6.562800751873128);
insert into thanatol(id, mmol_per_l) values(431, 15.43701361948286);
insert into participants(id) values(371);
insert into ages(id, birthday) values(371, '1991-02-28');
insert into exercise(id, hours_per_week) values(371, 6.367487253810744);
insert into thanatol(id, mmol_per_l) values(371, 15.725983237094104);
insert into participants(id) values(744);
insert into ages(id, birthday) values(744, '1991-02-08');
insert into exercise(id, hours_per_week) values(744, 6.689026622045655);
insert into thanatol(id, mmol_per_l) values(744, 15.26987859716582);
insert into participants(id) values(463);
insert into ages(id, birthday) values(463, '1991-01-19');
insert into exercise(id, hours_per_week) values(463, 6.57128385976128);
insert into thanatol(id, mmol_per_l) values(463, 15.447114468279555);
insert into participants(id) values(399);
insert into ages(id, birthday) values(399, '1990-12-30');
insert into exercise(id, hours_per_week) values(399, 6.425974410473912);
insert into thanatol(id, mmol_per_l) values(399, 15.66430581814758);
insert into participants(id) values(724);
insert into ages(id, birthday) values(724, '1990-12-11');
insert into exercise(id, hours_per_week) values(724, 6.569603876345779);
insert into thanatol(id, mmol_per_l) values(724, 15.464422262902026);
insert into participants(id) values(713);
insert into ages(id, birthday) values(713, '1990-11-21');
insert into exercise(id, hours_per_week) values(713, 6.703349175117519);
insert into thanatol(id, mmol_per_l) values(713, 15.278620354005877);
insert into participants(id) values(497);
insert into ages(id, birthday) values(497, '1990-11-01');
insert into exercise(id, hours_per_week) values(497, 6.506881224947111);
insert into thanatol(id, mmol_per_l) values(497, 15.569975557450974);
insert into participants(id) values(267);
insert into ages(id, birthday) values(267, '1990-10-12');
insert into exercise(id, hours_per_week) values(267, 6.519460890715997);
insert into thanatol(id, mmol_per_l) values(267, 15.559267720291897);
insert into participants(id) values(401);
insert into ages(id, birthday) values(401, '1990-09-23');
insert into exercise(id, hours_per_week) values(401, 6.706991323193349);
insert into thanatol(id, mmol_per_l) values(401, 15.295397419768573);
insert into participants(id) values(542);
insert into ages(id, birthday) values(542, '1990-09-03');
insert into exercise(id, hours_per_week) values(542, 6.702969173747439);
insert into thanatol(id, mmol_per_l) values(542, 15.308566555965774);
insert into participants(id) values(203);
insert into ages(id, birthday) values(203, '1990-08-14');
insert into exercise(id, hours_per_week) values(203, 6.462418502827032);
insert into thanatol(id, mmol_per_l) values(203, 15.664314946793528);
insert into participants(id) values(894);
insert into ages(id, birthday) values(894, '1990-07-25');
insert into exercise(id, hours_per_week) values(894, 6.679277995892209);
insert into thanatol(id, mmol_per_l) values(894, 15.357594471589398);
insert into participants(id) values(8);
insert into ages(id, birthday) values(8, '1990-07-06');
insert into exercise(id, hours_per_week) values(8, 6.710411466257923);
insert into thanatol(id, mmol_per_l) values(8, 15.31982510675473);
insert into participants(id) values(403);
insert into ages(id, birthday) values(403, '1990-06-16');
insert into exercise(id, hours_per_week) values(403, 6.617400010628574);
insert into thanatol(id, mmol_per_l) values(403, 15.462075335935404);
insert into participants(id) values(347);
insert into ages(id, birthday) values(347, '1990-05-27');
insert into exercise(id, hours_per_week) values(347, 6.563845700083008);
insert into thanatol(id, mmol_per_l) values(347, 15.547197807261785);
insert into participants(id) values(123);
insert into ages(id, birthday) values(123, '1990-05-08');
insert into exercise(id, hours_per_week) values(123, 6.497016385020928);
insert into thanatol(id, mmol_per_l) values(123, 15.65166756333757);
insert into participants(id) values(839);
insert into ages(id, birthday) values(839, '1990-04-18');
insert into exercise(id, hours_per_week) values(839, 6.690857948535212);
insert into thanatol(id, mmol_per_l) values(839, 15.377603242320669);
insert into participants(id) values(750);
insert into ages(id, birthday) values(750, '1990-03-29');
insert into exercise(id, hours_per_week) values(750, 6.9265830356345885);
insert into thanatol(id, mmol_per_l) values(750, 15.042404158485922);
insert into participants(id) values(957);
insert into ages(id, birthday) values(957, '1990-03-09');
insert into exercise(id, hours_per_week) values(957, 6.517195396642226);
insert into thanatol(id, mmol_per_l) values(957, 15.644806569267967);
insert into participants(id) values(546);
insert into ages(id, birthday) values(546, '1990-02-18');
insert into exercise(id, hours_per_week) values(546, 6.547802188634104);
insert into thanatol(id, mmol_per_l) values(546, 15.607764492100339);
insert into participants(id) values(288);
insert into ages(id, birthday) values(288, '1990-01-29');
insert into exercise(id, hours_per_week) values(288, 6.619859017497391);
insert into thanatol(id, mmol_per_l) values(288, 15.510358066119242);
insert into participants(id) values(314);
insert into ages(id, birthday) values(314, '1990-01-09');
insert into exercise(id, hours_per_week) values(314, 6.475887098697844);
insert into thanatol(id, mmol_per_l) values(314, 15.727386004173912);
insert into participants(id) values(145);
insert into ages(id, birthday) values(145, '1989-12-20');
insert into exercise(id, hours_per_week) values(145, 6.429580322557808);
insert into thanatol(id, mmol_per_l) values(145, 15.802347242877953);
insert into participants(id) values(629);
insert into ages(id, birthday) values(629, '1989-12-01');
insert into exercise(id, hours_per_week) values(629, 6.6142189150275605);
insert into thanatol(id, mmol_per_l) values(629, 15.540798951095356);
insert into participants(id) values(735);
insert into ages(id, birthday) values(735, '1989-11-11');
insert into exercise(id, hours_per_week) values(735, 6.916355024944166);
insert into thanatol(id, mmol_per_l) values(735, 15.107674472509983);
insert into participants(id) values(249);
insert into ages(id, birthday) values(249, '1989-10-22');
insert into exercise(id, hours_per_week) values(249, 6.755977233585951);
insert into thanatol(id, mmol_per_l) values(249, 15.3488288865118);
insert into participants(id) values(525);
insert into ages(id, birthday) values(525, '1989-10-03');
insert into exercise(id, hours_per_week) values(525, 6.7588527153767375);
insert into thanatol(id, mmol_per_l) values(525, 15.351944685666384);
insert into participants(id) values(947);
insert into ages(id, birthday) values(947, '1989-09-13');
insert into exercise(id, hours_per_week) values(947, 6.609915548667338);
insert into thanatol(id, mmol_per_l) values(947, 15.57672640079145);
insert into participants(id) values(310);
insert into ages(id, birthday) values(310, '1989-08-24');
insert into exercise(id, hours_per_week) values(310, 6.58010716774256);
insert into thanatol(id, mmol_per_l) values(310, 15.62768591510782);
insert into participants(id) values(468);
insert into ages(id, birthday) values(468, '1989-08-04');
insert into exercise(id, hours_per_week) values(468, 6.744058146554393);
insert into thanatol(id, mmol_per_l) values(468, 15.395498954452895);
insert into participants(id) values(895);
insert into ages(id, birthday) values(895, '1989-07-16');
insert into exercise(id, hours_per_week) values(895, 6.688111184581101);
insert into thanatol(id, mmol_per_l) values(895, 15.48462753735693);
insert into participants(id) values(148);
insert into ages(id, birthday) values(148, '1989-06-26');
insert into exercise(id, hours_per_week) values(148, 6.698964830284872);
insert into thanatol(id, mmol_per_l) values(148, 15.476108979942325);
insert into participants(id) values(393);
insert into ages(id, birthday) values(393, '1989-06-06');
insert into exercise(id, hours_per_week) values(393, 6.845027733020096);
insert into thanatol(id, mmol_per_l) values(393, 15.26967910025769);
insert into participants(id) values(951);
insert into ages(id, birthday) values(951, '1989-05-17');
insert into exercise(id, hours_per_week) values(951, 6.767115633398977);
insert into thanatol(id, mmol_per_l) values(951, 15.391018242768741);
insert into participants(id) values(447);
insert into ages(id, birthday) values(447, '1989-04-28');
insert into exercise(id, hours_per_week) values(447, 6.604874496574235);
insert into thanatol(id, mmol_per_l) values(447, 15.636009347567075);
insert into participants(id) values(956);
insert into ages(id, birthday) values(956, '1989-04-08');
insert into exercise(id, hours_per_week) values(956, 6.710395564573003);
insert into thanatol(id, mmol_per_l) values(956, 15.488763072497287);
insert into participants(id) values(944);
insert into ages(id, birthday) values(944, '1989-03-19');
insert into exercise(id, hours_per_week) values(944, 6.740268947043752);
insert into thanatol(id, mmol_per_l) values(944, 15.452300594257848);
insert into participants(id) values(496);
insert into ages(id, birthday) values(496, '1989-02-28');
insert into exercise(id, hours_per_week) values(496, 6.530126088864805);
insert into thanatol(id, mmol_per_l) values(496, 15.767925439201356);
insert into participants(id) values(823);
insert into ages(id, birthday) values(823, '1989-02-08');
insert into exercise(id, hours_per_week) values(823, 6.685782261182177);
insert into thanatol(id, mmol_per_l) values(823, 15.546922840111906);
insert into participants(id) values(999);
insert into ages(id, birthday) values(999, '1989-01-19');
insert into exercise(id, hours_per_week) values(999, 6.760100053889369);
insert into thanatol(id, mmol_per_l) values(999, 15.445148824338679);
insert into participants(id) values(625);
insert into ages(id, birthday) values(625, '1988-12-30');
insert into exercise(id, hours_per_week) values(625, 6.716899973706226);
insert into thanatol(id, mmol_per_l) values(625, 15.51592749808999);
insert into participants(id) values(702);
insert into ages(id, birthday) values(702, '1988-12-11');
insert into exercise(id, hours_per_week) values(702, 6.661380243476499);
insert into thanatol(id, mmol_per_l) values(702, 15.604874676866782);
insert into participants(id) values(622);
insert into ages(id, birthday) values(622, '1988-11-21');
insert into exercise(id, hours_per_week) values(622, 6.798814635917234);
insert into thanatol(id, mmol_per_l) values(622, 15.410144716107505);
insert into participants(id) values(435);
insert into ages(id, birthday) values(435, '1988-11-01');
insert into exercise(id, hours_per_week) values(435, 6.771171962702422);
insert into thanatol(id, mmol_per_l) values(435, 15.458097343214732);
insert into participants(id) values(361);
insert into ages(id, birthday) values(361, '1988-10-12');
insert into exercise(id, hours_per_week) values(361, 6.722686287247051);
insert into thanatol(id, mmol_per_l) values(361, 15.536768648069243);
insert into participants(id) values(923);
insert into ages(id, birthday) values(923, '1988-09-23');
insert into exercise(id, hours_per_week) values(923, 6.651809326403944);
insert into thanatol(id, mmol_per_l) values(923, 15.648482188119722);
insert into participants(id) values(564);
insert into ages(id, birthday) values(564, '1988-09-03');
insert into exercise(id, hours_per_week) values(564, 6.709369863621704);
insert into thanatol(id, mmol_per_l) values(564, 15.571059691281691);
insert into participants(id) values(935);
insert into ages(id, birthday) values(935, '1988-08-14');
insert into exercise(id, hours_per_week) values(935, 6.721940080834964);
insert into thanatol(id, mmol_per_l) values(935, 15.559875351115164);
insert into participants(id) values(277);
insert into ages(id, birthday) values(277, '1988-07-25');
insert into exercise(id, hours_per_week) values(277, 6.679930496415371);
insert into thanatol(id, mmol_per_l) values(277, 15.629165048606891);
insert into participants(id) values(251);
insert into ages(id, birthday) values(251, '1988-07-06');
insert into exercise(id, hours_per_week) values(251, 6.572937763193077);
insert into thanatol(id, mmol_per_l) values(251, 15.794392135804626);
insert into participants(id) values(520);
insert into ages(id, birthday) values(520, '1988-06-16');
insert into exercise(id, hours_per_week) values(520, 6.7475113207041355);
insert into thanatol(id, mmol_per_l) values(520, 15.544136957020829);
insert into participants(id) values(412);
insert into ages(id, birthday) values(412, '1988-05-27');
insert into exercise(id, hours_per_week) values(412, 6.6870599829327695);
insert into thanatol(id, mmol_per_l) values(412, 15.64073187848732);
insert into participants(id) values(394);
insert into ages(id, birthday) values(394, '1988-05-08');
insert into exercise(id, hours_per_week) values(394, 6.9497384078448174);
insert into thanatol(id, mmol_per_l) values(394, 15.25997724357508);
insert into participants(id) values(337);
insert into ages(id, birthday) values(337, '1988-04-18');
insert into exercise(id, hours_per_week) values(337, 6.646468041809994);
insert into thanatol(id, mmol_per_l) values(337, 15.715456546380794);
insert into participants(id) values(548);
insert into ages(id, birthday) values(548, '1988-03-29');
insert into exercise(id, hours_per_week) values(548, 6.703936255423167);
insert into thanatol(id, mmol_per_l) values(548, 15.637854273060656);
insert into participants(id) values(296);
insert into ages(id, birthday) values(296, '1988-03-09');
insert into exercise(id, hours_per_week) values(296, 6.5674476514012055);
insert into thanatol(id, mmol_per_l) values(296, 15.84715332444027);
insert into participants(id) values(104);
insert into ages(id, birthday) values(104, '1988-02-19');
insert into exercise(id, hours_per_week) values(104, 6.630344410265453);
insert into thanatol(id, mmol_per_l) values(104, 15.761490166425581);
insert into participants(id) values(407);
insert into ages(id, birthday) values(407, '1988-01-30');
insert into exercise(id, hours_per_week) values(407, 6.584871049276278);
insert into thanatol(id, mmol_per_l) values(407, 15.836236150264886);
insert into participants(id) values(966);
insert into ages(id, birthday) values(966, '1988-01-10');
insert into exercise(id, hours_per_week) values(966, 6.672059426465157);
insert into thanatol(id, mmol_per_l) values(966, 15.714480596524057);
insert into participants(id) values(207);
insert into ages(id, birthday) values(207, '1987-12-21');
insert into exercise(id, hours_per_week) values(207, 6.911483182842228);
insert into thanatol(id, mmol_per_l) values(207, 15.366931068646931);
insert into participants(id) values(93);
insert into ages(id, birthday) values(93, '1987-12-02');
insert into exercise(id, hours_per_week) values(93, 6.90149209257318);
insert into thanatol(id, mmol_per_l) values(93, 15.38895311737757);
insert into participants(id) values(318);
insert into ages(id, birthday) values(318, '1987-11-12');
insert into exercise(id, hours_per_week) values(318, 6.667854640738929);
insert into thanatol(id, mmol_per_l) values(318, 15.742831897930618);
insert into participants(id) values(397);
insert into ages(id, birthday) values(397, '1987-10-23');
insert into exercise(id, hours_per_week) values(397, 6.833524287052913);
insert into thanatol(id, mmol_per_l) values(397, 15.50427251781427);
insert into participants(id) values(178);
insert into ages(id, birthday) values(178, '1987-10-04');
insert into exercise(id, hours_per_week) values(178, 6.513797011352614);
insert into thanatol(id, mmol_per_l) values(178, 15.986381627849823);
insert into participants(id) values(808);
insert into ages(id, birthday) values(808, '1987-09-14');
insert into exercise(id, hours_per_week) values(808, 6.679170440390747);
insert into thanatol(id, mmol_per_l) values(808, 15.748139180386199);
insert into participants(id) values(927);
insert into ages(id, birthday) values(927, '1987-08-25');
insert into exercise(id, hours_per_week) values(927, 6.749233543589347);
insert into thanatol(id, mmol_per_l) values(927, 15.651351741495093);
insert into participants(id) values(31);
insert into ages(id, birthday) values(31, '1987-08-05');
insert into exercise(id, hours_per_week) values(31, 6.671732289642805);
insert into thanatol(id, mmol_per_l) values(31, 15.773933289689543);
insert into participants(id) values(117);
insert into ages(id, birthday) values(117, '1987-07-17');
insert into exercise(id, hours_per_week) values(117, 6.889855165313143);
insert into thanatol(id, mmol_per_l) values(117, 15.456747553635603);
insert into participants(id) values(635);
insert into ages(id, birthday) values(635, '1987-06-27');
insert into exercise(id, hours_per_week) values(635, 6.99570906206258);
insert into thanatol(id, mmol_per_l) values(635, 15.306387698961975);
insert into participants(id) values(471);
insert into ages(id, birthday) values(471, '1987-06-07');
insert into exercise(id, hours_per_week) values(471, 6.818453476234776);
insert into thanatol(id, mmol_per_l) values(471, 15.577528015742075);
insert into participants(id) values(2);
insert into ages(id, birthday) values(2, '1987-05-18');
insert into exercise(id, hours_per_week) values(2, 6.879434327272213);
insert into thanatol(id, mmol_per_l) values(2, 15.493933221695398);
insert into participants(id) values(919);
insert into ages(id, birthday) values(919, '1987-04-29');
insert into exercise(id, hours_per_week) values(919, 6.703748173766811);
insert into thanatol(id, mmol_per_l) values(919, 15.763061120110558);
insert into participants(id) values(982);
insert into ages(id, birthday) values(982, '1987-04-09');
insert into exercise(id, hours_per_week) values(982, 6.78284892373706);
insert into thanatol(id, mmol_per_l) values(982, 15.652436748026442);
insert into participants(id) values(572);
insert into ages(id, birthday) values(572, '1987-03-20');
insert into exercise(id, hours_per_week) values(572, 6.829549445565557);
insert into thanatol(id, mmol_per_l) values(572, 15.590047572458438);
insert into participants(id) values(367);
insert into ages(id, birthday) values(367, '1987-03-01');
insert into exercise(id, hours_per_week) values(367, 6.738834292875956);
insert into thanatol(id, mmol_per_l) values(367, 15.732730150588575);
insert into participants(id) values(376);
insert into ages(id, birthday) values(376, '1987-02-09');
insert into exercise(id, hours_per_week) values(376, 6.764294983816778);
insert into thanatol(id, mmol_per_l) values(376, 15.702028626872563);
insert into participants(id) values(58);
insert into ages(id, birthday) values(58, '1987-01-20');
insert into exercise(id, hours_per_week) values(58, 6.90177006471321);
insert into thanatol(id, mmol_per_l) values(58, 15.503918860833927);
insert into participants(id) values(596);
insert into ages(id, birthday) values(596, '1986-12-31');
insert into exercise(id, hours_per_week) values(596, 6.730691625039318);
insert into thanatol(id, mmol_per_l) values(596, 15.766875739835047);
insert into participants(id) values(128);
insert into ages(id, birthday) values(128, '1986-12-12');
insert into exercise(id, hours_per_week) values(128, 6.8365751552071234);
insert into thanatol(id, mmol_per_l) values(128, 15.615846516907213);
insert into participants(id) values(513);
insert into ages(id, birthday) values(513, '1986-11-22');
insert into exercise(id, hours_per_week) values(513, 6.974276810867007);
insert into thanatol(id, mmol_per_l) values(513, 15.41706086763166);
insert into participants(id) values(782);
insert into ages(id, birthday) values(782, '1986-11-02');
insert into exercise(id, hours_per_week) values(782, 6.7237319986155875);
insert into thanatol(id, mmol_per_l) values(782, 15.799284283771293);
insert into participants(id) values(741);
insert into ages(id, birthday) values(741, '1986-10-13');
insert into exercise(id, hours_per_week) values(741, 6.685620729183214);
insert into thanatol(id, mmol_per_l) values(741, 15.863697757335254);
insert into participants(id) values(97);
insert into ages(id, birthday) values(97, '1986-09-24');
insert into exercise(id, hours_per_week) values(97, 6.879556670288173);
insert into thanatol(id, mmol_per_l) values(97, 15.580469681060098);
insert into participants(id) values(14);
insert into ages(id, birthday) values(14, '1986-09-04');
insert into exercise(id, hours_per_week) values(14, 6.899987346633803);
insert into thanatol(id, mmol_per_l) values(14, 15.55706916137436);
insert into participants(id) values(476);
insert into ages(id, birthday) values(476, '1986-08-15');
insert into exercise(id, hours_per_week) values(476, 6.980909834464885);
insert into thanatol(id, mmol_per_l) values(476, 15.442916540156217);
insert into participants(id) values(579);
insert into ages(id, birthday) values(579, '1986-07-26');
insert into exercise(id, hours_per_week) values(579, 6.8807182438824555);
insert into thanatol(id, mmol_per_l) values(579, 15.6004064712834);
insert into participants(id) values(402);
insert into ages(id, birthday) values(402, '1986-07-07');
insert into exercise(id, hours_per_week) values(402, 6.956390528184575);
insert into thanatol(id, mmol_per_l) values(402, 15.494036149196283);
insert into participants(id) values(774);
insert into ages(id, birthday) values(774, '1986-06-17');
insert into exercise(id, hours_per_week) values(774, 6.780261898198876);
insert into thanatol(id, mmol_per_l) values(774, 15.765728675052515);
insert into participants(id) values(107);
insert into ages(id, birthday) values(107, '1986-05-28');
insert into exercise(id, hours_per_week) values(107, 6.829727223121057);
insert into thanatol(id, mmol_per_l) values(107, 15.698700207915868);
insert into participants(id) values(516);
insert into ages(id, birthday) values(516, '1986-05-09');
insert into exercise(id, hours_per_week) values(516, 7.004225400787571);
insert into thanatol(id, mmol_per_l) values(516, 15.443648194816088);
insert into participants(id) values(498);
insert into ages(id, birthday) values(498, '1986-04-19');
insert into exercise(id, hours_per_week) values(498, 6.970253381205371);
insert into thanatol(id, mmol_per_l) values(498, 15.501879934181018);
insert into participants(id) values(727);
insert into ages(id, birthday) values(727, '1986-03-30');
insert into exercise(id, hours_per_week) values(727, 6.849239208261151);
insert into thanatol(id, mmol_per_l) values(727, 15.691125407492779);
insert into participants(id) values(785);
insert into ages(id, birthday) values(785, '1986-03-10');
insert into exercise(id, hours_per_week) values(785, 6.933382026566111);
insert into thanatol(id, mmol_per_l) values(785, 15.57171048448805);
insert into participants(id) values(960);
insert into ages(id, birthday) values(960, '1986-02-19');
insert into exercise(id, hours_per_week) values(960, 7.007518313107032);
insert into thanatol(id, mmol_per_l) values(960, 15.467248674862821);
insert into participants(id) values(971);
insert into ages(id, birthday) values(971, '1986-01-30');
insert into exercise(id, hours_per_week) values(971, 6.798311648386164);
insert into thanatol(id, mmol_per_l) values(971, 15.789601785072522);
insert into participants(id) values(654);
insert into ages(id, birthday) values(654, '1986-01-10');
insert into exercise(id, hours_per_week) values(654, 6.733817145931674);
insert into thanatol(id, mmol_per_l) values(654, 15.894104671372032);
insert into participants(id) values(556);
insert into ages(id, birthday) values(556, '1985-12-21');
insert into exercise(id, hours_per_week) values(556, 6.697058734056154);
insert into thanatol(id, mmol_per_l) values(556, 15.95686817945045);
insert into participants(id) values(348);
insert into ages(id, birthday) values(348, '1985-12-02');
insert into exercise(id, hours_per_week) values(348, 7.117002532419246);
insert into thanatol(id, mmol_per_l) values(348, 15.330609074830914);
insert into participants(id) values(408);
insert into ages(id, birthday) values(408, '1985-11-12');
insert into exercise(id, hours_per_week) values(408, 6.858817649168993);
insert into thanatol(id, mmol_per_l) values(408, 15.727400200312317);
insert into participants(id) values(32);
insert into ages(id, birthday) values(32, '1985-10-23');
insert into exercise(id, hours_per_week) values(32, 6.853898337330979);
insert into thanatol(id, mmol_per_l) values(32, 15.742070287012975);
insert into participants(id) values(608);
insert into ages(id, birthday) values(608, '1985-10-04');
insert into exercise(id, hours_per_week) values(608, 6.8665506241226355);
insert into thanatol(id, mmol_per_l) values(608, 15.730198493314015);
insert into participants(id) values(569);
insert into ages(id, birthday) values(569, '1985-09-14');
insert into exercise(id, hours_per_week) values(569, 6.859058045132251);
insert into thanatol(id, mmol_per_l) values(569, 15.748759750311676);
insert into participants(id) values(891);
insert into ages(id, birthday) values(891, '1985-08-25');
insert into exercise(id, hours_per_week) values(891, 6.846638857323339);
insert into thanatol(id, mmol_per_l) values(891, 15.774781823797666);
insert into participants(id) values(9);
insert into ages(id, birthday) values(9, '1985-08-05');
insert into exercise(id, hours_per_week) values(9, 6.931250559299054);
insert into thanatol(id, mmol_per_l) values(9, 15.65401604568754);
insert into participants(id) values(736);
insert into ages(id, birthday) values(736, '1985-07-17');
insert into exercise(id, hours_per_week) values(736, 6.959051185146127);
insert into thanatol(id, mmol_per_l) values(736, 15.619125765927846);
insert into participants(id) values(815);
insert into ages(id, birthday) values(815, '1985-06-27');
insert into exercise(id, hours_per_week) values(815, 6.971822415344006);
insert into thanatol(id, mmol_per_l) values(815, 15.606956804068625);
insert into participants(id) values(618);
insert into ages(id, birthday) values(618, '1985-06-07');
insert into exercise(id, hours_per_week) values(618, 6.885163959528865);
insert into thanatol(id, mmol_per_l) values(618, 15.745411823478278);
insert into participants(id) values(150);
insert into ages(id, birthday) values(150, '1985-05-18');
insert into exercise(id, hours_per_week) values(150, 6.841040093827781);
insert into thanatol(id, mmol_per_l) values(150, 15.819515366660578);
insert into participants(id) values(906);
insert into ages(id, birthday) values(906, '1985-04-29');
insert into exercise(id, hours_per_week) values(906, 7.003942726877047);
insert into thanatol(id, mmol_per_l) values(906, 15.579735345914177);
insert into participants(id) values(709);
insert into ages(id, birthday) values(709, '1985-04-09');
insert into exercise(id, hours_per_week) values(709, 6.798630413448229);
insert into thanatol(id, mmol_per_l) values(709, 15.898363572739976);
insert into participants(id) values(854);
insert into ages(id, birthday) values(854, '1985-03-20');
insert into exercise(id, hours_per_week) values(854, 6.798663899751807);
insert into thanatol(id, mmol_per_l) values(854, 15.90559555107942);
insert into participants(id) values(700);
insert into ages(id, birthday) values(700, '1985-03-01');
insert into exercise(id, hours_per_week) values(700, 6.7932675577047945);
insert into thanatol(id, mmol_per_l) values(700, 15.921072855423569);
insert into participants(id) values(269);
insert into ages(id, birthday) values(269, '1985-02-09');
insert into exercise(id, hours_per_week) values(269, 6.836980110044947);
insert into thanatol(id, mmol_per_l) values(269, 15.861950062932486);
insert into participants(id) values(216);
insert into ages(id, birthday) values(216, '1985-01-20');
insert into exercise(id, hours_per_week) values(216, 6.888740587357612);
insert into thanatol(id, mmol_per_l) values(216, 15.790534287184567);
insert into participants(id) values(400);
insert into ages(id, birthday) values(400, '1984-12-31');
insert into exercise(id, hours_per_week) values(400, 7.02159721625662);
insert into thanatol(id, mmol_per_l) values(400, 15.595730317951709);
insert into participants(id) values(912);
insert into ages(id, birthday) values(912, '1984-12-12');
insert into exercise(id, hours_per_week) values(912, 6.732585387613866);
insert into thanatol(id, mmol_per_l) values(912, 16.042535542750517);
insert into participants(id) values(907);
insert into ages(id, birthday) values(907, '1984-11-22');
insert into exercise(id, hours_per_week) values(907, 6.799033878482361);
insert into thanatol(id, mmol_per_l) values(907, 15.948729131668934);
insert into participants(id) values(933);
insert into ages(id, birthday) values(933, '1984-11-02');
insert into exercise(id, hours_per_week) values(933, 6.908407411879956);
insert into thanatol(id, mmol_per_l) values(933, 15.789468281477927);
insert into participants(id) values(247);
insert into ages(id, birthday) values(247, '1984-10-13');
insert into exercise(id, hours_per_week) values(247, 6.87983807559441);
insert into thanatol(id, mmol_per_l) values(247, 15.840197254414939);
insert into participants(id) values(163);
insert into ages(id, birthday) values(163, '1984-09-24');
insert into exercise(id, hours_per_week) values(163, 6.891630831281649);
insert into thanatol(id, mmol_per_l) values(163, 15.829450369343173);
insert into participants(id) values(587);
insert into ages(id, birthday) values(587, '1984-09-04');
insert into exercise(id, hours_per_week) values(587, 6.743063294714308);
insert into thanatol(id, mmol_per_l) values(587, 16.06320248514064);
insert into participants(id) values(208);
insert into ages(id, birthday) values(208, '1984-08-15');
insert into exercise(id, hours_per_week) values(208, 6.922090689786301);
insert into thanatol(id, mmol_per_l) values(208, 15.797420727665761);
insert into participants(id) values(974);
insert into ages(id, birthday) values(974, '1984-07-26');
insert into exercise(id, hours_per_week) values(974, 6.8348038150275);
insert into thanatol(id, mmol_per_l) values(974, 15.937833003845292);
insert into participants(id) values(396);
insert into ages(id, birthday) values(396, '1984-07-07');
insert into exercise(id, hours_per_week) values(396, 6.876093669834162);
insert into thanatol(id, mmol_per_l) values(396, 15.882046321727344);
insert into participants(id) values(825);
insert into ages(id, birthday) values(825, '1984-06-17');
insert into exercise(id, hours_per_week) values(825, 6.944292517260334);
insert into thanatol(id, mmol_per_l) values(825, 15.785096943903943);
insert into participants(id) values(914);
insert into ages(id, birthday) values(914, '1984-05-28');
insert into exercise(id, hours_per_week) values(914, 7.003306202023467);
insert into thanatol(id, mmol_per_l) values(914, 15.702090112413401);
insert into participants(id) values(949);
insert into ages(id, birthday) values(949, '1984-05-09');
insert into exercise(id, hours_per_week) values(949, 6.942319259368684);
insert into thanatol(id, mmol_per_l) values(949, 15.80247711694981);
insert into participants(id) values(784);
insert into ages(id, birthday) values(784, '1984-04-19');
insert into exercise(id, hours_per_week) values(784, 6.909016605940179);
insert into thanatol(id, mmol_per_l) values(784, 15.860601548488882);
insert into participants(id) values(585);
insert into ages(id, birthday) values(585, '1984-03-30');
insert into exercise(id, hours_per_week) values(585, 6.935707632301672);
insert into thanatol(id, mmol_per_l) values(585, 15.826961092127062);
insert into participants(id) values(350);
insert into ages(id, birthday) values(350, '1984-03-10');
insert into exercise(id, hours_per_week) values(350, 6.933981911448068);
insert into thanatol(id, mmol_per_l) values(350, 15.836790783144338);
insert into participants(id) values(677);
insert into ages(id, birthday) values(677, '1984-02-20');
insert into exercise(id, hours_per_week) values(677, 6.875202605627148);
insert into thanatol(id, mmol_per_l) values(677, 15.934013985697291);
insert into participants(id) values(649);
insert into ages(id, birthday) values(649, '1984-01-31');
insert into exercise(id, hours_per_week) values(649, 6.989391090770981);
insert into thanatol(id, mmol_per_l) values(649, 15.76625743657528);
insert into participants(id) values(174);
insert into ages(id, birthday) values(174, '1984-01-11');
insert into exercise(id, hours_per_week) values(174, 6.807245478958179);
insert into thanatol(id, mmol_per_l) values(174, 16.052660097356316);
insert into participants(id) values(290);
insert into ages(id, birthday) values(290, '1983-12-22');
insert into exercise(id, hours_per_week) values(290, 6.898255970814063);
insert into thanatol(id, mmol_per_l) values(290, 15.920342984688824);
insert into participants(id) values(846);
insert into ages(id, birthday) values(846, '1983-12-03');
insert into exercise(id, hours_per_week) values(846, 7.051828382266899);
insert into thanatol(id, mmol_per_l) values(846, 15.69189701834689);
insert into participants(id) values(338);
insert into ages(id, birthday) values(338, '1983-11-13');
insert into exercise(id, hours_per_week) values(338, 7.012764122862044);
insert into thanatol(id, mmol_per_l) values(338, 15.75897578945017);
insert into participants(id) values(655);
insert into ages(id, birthday) values(655, '1983-10-24');
insert into exercise(id, hours_per_week) values(655, 6.956494047437266);
insert into thanatol(id, mmol_per_l) values(655, 15.852535397411026);
insert into participants(id) values(969);
insert into ages(id, birthday) values(969, '1983-10-05');
insert into exercise(id, hours_per_week) values(969, 6.8878300248421045);
insert into thanatol(id, mmol_per_l) values(969, 15.965217786537991);
insert into participants(id) values(806);
insert into ages(id, birthday) values(806, '1983-09-15');
insert into exercise(id, hours_per_week) values(806, 7.1391196294529315);
insert into thanatol(id, mmol_per_l) values(806, 15.586131769641009);
insert into participants(id) values(929);
insert into ages(id, birthday) values(929, '1983-08-26');
insert into exercise(id, hours_per_week) values(929, 6.9091343963278655);
insert into thanatol(id, mmol_per_l) values(929, 15.946893453925705);
insert into participants(id) values(576);
insert into ages(id, birthday) values(576, '1983-08-06');
insert into exercise(id, hours_per_week) values(576, 6.887948178384857);
insert into thanatol(id, mmol_per_l) values(576, 15.98669842451763);
insert into participants(id) values(157);
insert into ages(id, birthday) values(157, '1983-07-18');
insert into exercise(id, hours_per_week) values(157, 6.899053528038949);
insert into thanatol(id, mmol_per_l) values(157, 15.97682377749371);
insert into participants(id) values(299);
insert into ages(id, birthday) values(299, '1983-06-28');
insert into exercise(id, hours_per_week) values(299, 6.957392735639669);
insert into thanatol(id, mmol_per_l) values(299, 15.894189905822582);
insert into participants(id) values(647);
insert into ages(id, birthday) values(647, '1983-06-08');
insert into exercise(id, hours_per_week) values(647, 6.9905774358785715);
insert into thanatol(id, mmol_per_l) values(647, 15.850232310572576);
insert into participants(id) values(421);
insert into ages(id, birthday) values(421, '1983-05-19');
insert into exercise(id, hours_per_week) values(421, 6.941325254758898);
insert into thanatol(id, mmol_per_l) values(421, 15.93330233702725);
insert into participants(id) values(293);
insert into ages(id, birthday) values(293, '1983-04-30');
insert into exercise(id, hours_per_week) values(293, 6.939110896059549);
insert into thanatol(id, mmol_per_l) values(293, 15.943900872184923);
insert into participants(id) values(225);
insert into ages(id, birthday) values(225, '1983-04-10');
insert into exercise(id, hours_per_week) values(225, 6.926231369019793);
insert into thanatol(id, mmol_per_l) values(225, 15.970957316369464);
insert into participants(id) values(521);
insert into ages(id, birthday) values(521, '1983-03-21');
insert into exercise(id, hours_per_week) values(521, 6.980598655418142);
insert into thanatol(id, mmol_per_l) values(521, 15.89423270091481);
insert into participants(id) values(830);
insert into ages(id, birthday) values(830, '1983-03-02');
insert into exercise(id, hours_per_week) values(830, 6.986274898872368);
insert into thanatol(id, mmol_per_l) values(830, 15.892623519100416);
insert into participants(id) values(253);
insert into ages(id, birthday) values(253, '1983-02-10');
insert into exercise(id, hours_per_week) values(253, 6.883479788333602);
insert into thanatol(id, mmol_per_l) values(253, 16.058588407321206);
insert into participants(id) values(639);
insert into ages(id, birthday) values(639, '1983-01-21');
insert into exercise(id, hours_per_week) values(639, 6.91357435395344);
insert into thanatol(id, mmol_per_l) values(639, 16.01929696766548);
insert into participants(id) values(696);
insert into ages(id, birthday) values(696, '1983-01-01');
insert into exercise(id, hours_per_week) values(696, 6.877067496323428);
insert into thanatol(id, mmol_per_l) values(696, 16.082951612828058);
insert into participants(id) values(256);
insert into ages(id, birthday) values(256, '1982-12-13');
insert into exercise(id, hours_per_week) values(256, 6.975795864488783);
insert into thanatol(id, mmol_per_l) values(256, 15.937444451801678);
insert into participants(id) values(961);
insert into ages(id, birthday) values(961, '1982-11-23');
insert into exercise(id, hours_per_week) values(961, 6.849399450739761);
insert into thanatol(id, mmol_per_l) values(961, 16.14023064160795);
insert into participants(id) values(68);
insert into ages(id, birthday) values(68, '1982-11-03');
insert into exercise(id, hours_per_week) values(68, 6.973972793026463);
insert into thanatol(id, mmol_per_l) values(68, 15.954586683724582);
insert into participants(id) values(455);
insert into ages(id, birthday) values(455, '1982-10-14');
insert into exercise(id, hours_per_week) values(455, 7.0223315107266115);
insert into thanatol(id, mmol_per_l) values(455, 15.886834560873623);
insert into participants(id) values(91);
insert into ages(id, birthday) values(91, '1982-09-25');
insert into exercise(id, hours_per_week) values(91, 7.107518936726746);
insert into thanatol(id, mmol_per_l) values(91, 15.761937833196466);
insert into participants(id) values(100);
insert into ages(id, birthday) values(100, '1982-09-05');
insert into exercise(id, hours_per_week) values(100, 7.039681251533979);
insert into thanatol(id, mmol_per_l) values(100, 15.874188428606121);
insert into participants(id) values(61);
insert into ages(id, birthday) values(61, '1982-08-16');
insert into exercise(id, hours_per_week) values(61, 7.138949713224918);
insert into thanatol(id, mmol_per_l) values(61, 15.727318776890954);
insert into participants(id) values(800);
insert into ages(id, birthday) values(800, '1982-07-27');
insert into exercise(id, hours_per_week) values(800, 7.071098290342026);
insert into thanatol(id, mmol_per_l) values(800, 15.839663139690837);
insert into participants(id) values(730);
insert into ages(id, birthday) values(730, '1982-07-08');
insert into exercise(id, hours_per_week) values(730, 6.884855330608474);
insert into thanatol(id, mmol_per_l) values(730, 16.135914959288495);
insert into participants(id) values(953);
insert into ages(id, birthday) values(953, '1982-06-18');
insert into exercise(id, hours_per_week) values(953, 6.9286086344493345);
insert into thanatol(id, mmol_per_l) values(953, 16.075176626876573);
insert into participants(id) values(154);
insert into ages(id, birthday) values(154, '1982-05-29');
insert into exercise(id, hours_per_week) values(154, 7.145808927333399);
insert into thanatol(id, mmol_per_l) values(154, 15.744844876165459);
insert into participants(id) values(217);
insert into ages(id, birthday) values(217, '1982-05-10');
insert into exercise(id, hours_per_week) values(217, 6.9480152198862415);
insert into thanatol(id, mmol_per_l) values(217, 16.0593907010062);
insert into participants(id) values(86);
insert into ages(id, birthday) values(86, '1982-04-20');
insert into exercise(id, hours_per_week) values(86, 7.309067305377723);
insert into thanatol(id, mmol_per_l) values(86, 15.50500126139629);
insert into participants(id) values(259);
insert into ages(id, birthday) values(259, '1982-03-31');
insert into exercise(id, hours_per_week) values(259, 7.129108785160854);
insert into thanatol(id, mmol_per_l) values(259, 15.791955897314567);
insert into participants(id) values(656);
insert into ages(id, birthday) values(656, '1982-03-11');
insert into exercise(id, hours_per_week) values(656, 7.0314163527969);
insert into thanatol(id, mmol_per_l) values(656, 15.951092380510772);
insert into participants(id) values(218);
insert into ages(id, birthday) values(218, '1982-02-20');
insert into exercise(id, hours_per_week) values(218, 7.093310750814613);
insert into thanatol(id, mmol_per_l) values(218, 15.861815866163711);
insert into participants(id) values(621);
insert into ages(id, birthday) values(621, '1982-01-31');
insert into exercise(id, hours_per_week) values(621, 6.970640587774416);
insert into thanatol(id, mmol_per_l) values(621, 16.060031986091722);
insert into participants(id) values(939);
insert into ages(id, birthday) values(939, '1982-01-11');
insert into exercise(id, hours_per_week) values(939, 7.026321364547105);
insert into thanatol(id, mmol_per_l) values(939, 15.980397730802128);
insert into participants(id) values(27);
insert into ages(id, birthday) values(27, '1981-12-22');
insert into exercise(id, hours_per_week) values(27, 6.9019138188241875);
insert into thanatol(id, mmol_per_l) values(27, 16.18154042587079);
insert into participants(id) values(184);
insert into ages(id, birthday) values(184, '1981-12-03');
insert into exercise(id, hours_per_week) values(184, 7.081295908807621);
insert into thanatol(id, mmol_per_l) values(184, 15.908873834945332);
insert into participants(id) values(691);
insert into ages(id, birthday) values(691, '1981-11-13');
insert into exercise(id, hours_per_week) values(691, 7.09558522035562);
insert into thanatol(id, mmol_per_l) values(691, 15.893655625925215);
insert into participants(id) values(324);
insert into ages(id, birthday) values(324, '1981-10-24');
insert into exercise(id, hours_per_week) values(324, 6.99984693438098);
insert into thanatol(id, mmol_per_l) values(324, 16.050239030580187);
insert into participants(id) values(326);
insert into ages(id, birthday) values(326, '1981-10-05');
insert into exercise(id, hours_per_week) values(326, 7.00821154401269);
insert into thanatol(id, mmol_per_l) values(326, 16.04431382560118);
insert into participants(id) values(998);
insert into ages(id, birthday) values(998, '1981-09-15');
insert into exercise(id, hours_per_week) values(998, 7.062372168284705);
insert into thanatol(id, mmol_per_l) values(998, 15.966797292799173);
insert into participants(id) values(235);
insert into ages(id, birthday) values(235, '1981-08-26');
insert into exercise(id, hours_per_week) values(235, 7.059471403319471);
insert into thanatol(id, mmol_per_l) values(235, 15.978432747705074);
insert into participants(id) values(897);
insert into ages(id, birthday) values(897, '1981-08-06');
insert into exercise(id, hours_per_week) values(897, 7.037134341945546);
insert into thanatol(id, mmol_per_l) values(897, 16.020478406681484);
insert into participants(id) values(211);
insert into ages(id, birthday) values(211, '1981-07-18');
insert into exercise(id, hours_per_week) values(211, 7.126162930446252);
insert into thanatol(id, mmol_per_l) values(211, 15.888257121676862);
insert into participants(id) values(578);
insert into ages(id, birthday) values(578, '1981-06-28');
insert into exercise(id, hours_per_week) values(578, 7.208131898796632);
insert into thanatol(id, mmol_per_l) values(578, 15.766965983637121);
insert into participants(id) values(383);
insert into ages(id, birthday) values(383, '1981-06-08');
insert into exercise(id, hours_per_week) values(383, 7.183260599446935);
insert into thanatol(id, mmol_per_l) values(383, 15.812924747460963);
insert into participants(id) values(652);
insert into ages(id, birthday) values(652, '1981-05-19');
insert into exercise(id, hours_per_week) values(652, 7.149678678043394);
insert into thanatol(id, mmol_per_l) values(652, 15.87256920688103);
insert into participants(id) values(645);
insert into ages(id, birthday) values(645, '1981-04-30');
insert into exercise(id, hours_per_week) values(645, 7.094579478883757);
insert into thanatol(id, mmol_per_l) values(645, 15.965996776891444);
insert into participants(id) values(339);
insert into ages(id, birthday) values(339, '1981-04-10');
insert into exercise(id, hours_per_week) values(339, 7.088038742146733);
insert into thanatol(id, mmol_per_l) values(339, 15.983333515889838);
insert into participants(id) values(119);
insert into ages(id, birthday) values(119, '1981-03-21');
insert into exercise(id, hours_per_week) values(119, 7.106782978643286);
insert into thanatol(id, mmol_per_l) values(119, 15.961000487105109);
insert into participants(id) values(945);
insert into ages(id, birthday) values(945, '1981-03-02');
insert into exercise(id, hours_per_week) values(945, 7.218532431381867);
insert into thanatol(id, mmol_per_l) values(945, 15.79262680599037);
insert into participants(id) values(889);
insert into ages(id, birthday) values(889, '1981-02-10');
insert into exercise(id, hours_per_week) values(889, 7.170416023885048);
insert into thanatol(id, mmol_per_l) values(889, 15.875192129280167);
insert into participants(id) values(190);
insert into ages(id, birthday) values(190, '1981-01-21');
insert into exercise(id, hours_per_week) values(190, 6.990703217585243);
insert into thanatol(id, mmol_per_l) values(190, 16.16460851161065);
insert into participants(id) values(276);
insert into ages(id, birthday) values(276, '1981-01-01');
insert into exercise(id, hours_per_week) values(276, 7.260179419340085);
insert into thanatol(id, mmol_per_l) values(276, 15.748128755295332);
insert into participants(id) values(161);
insert into ages(id, birthday) values(161, '1980-12-13');
insert into exercise(id, hours_per_week) values(161, 7.176800247278489);
insert into thanatol(id, mmol_per_l) values(161, 15.886224661287955);
insert into participants(id) values(240);
insert into ages(id, birthday) values(240, '1980-11-23');
insert into exercise(id, hours_per_week) values(240, 7.1510411771866025);
insert into thanatol(id, mmol_per_l) values(240, 15.933774901439827);
insert into participants(id) values(305);
insert into ages(id, birthday) values(305, '1980-11-03');
insert into exercise(id, hours_per_week) values(305, 7.120653370737303);
insert into thanatol(id, mmol_per_l) values(305, 15.988647184364487);
insert into participants(id) values(798);
insert into ages(id, birthday) values(798, '1980-10-14');
insert into exercise(id, hours_per_week) values(798, 7.188114571848151);
insert into thanatol(id, mmol_per_l) values(798, 15.889466519052418);
insert into participants(id) values(82);
insert into ages(id, birthday) values(82, '1980-09-25');
insert into exercise(id, hours_per_week) values(82, 7.171277424444024);
insert into thanatol(id, mmol_per_l) values(82, 15.9230059234802);
insert into participants(id) values(373);
insert into ages(id, birthday) values(373, '1980-09-05');
insert into exercise(id, hours_per_week) values(373, 7.0030579195828295);
insert into thanatol(id, mmol_per_l) values(373, 16.19518005756566);
insert into participants(id) values(723);
insert into ages(id, birthday) values(723, '1980-08-16');
insert into exercise(id, hours_per_week) values(723, 7.135946469448486);
insert into thanatol(id, mmol_per_l) values(723, 15.992767347288993);
insert into participants(id) values(883);
insert into ages(id, birthday) values(883, '1980-07-27');
insert into exercise(id, hours_per_week) values(883, 7.336049044460584);
insert into thanatol(id, mmol_per_l) values(883, 15.684132665766045);
insert into participants(id) values(924);
insert into ages(id, birthday) values(924, '1980-07-08');
insert into exercise(id, hours_per_week) values(924, 7.1301006346929485);
insert into thanatol(id, mmol_per_l) values(924, 16.016090588996974);
insert into participants(id) values(637);
insert into ages(id, birthday) values(637, '1980-06-18');
insert into exercise(id, hours_per_week) values(637, 7.1165622566274624);
insert into thanatol(id, mmol_per_l) values(637, 16.04452007540399);
insert into participants(id) values(719);
insert into ages(id, birthday) values(719, '1980-05-29');
insert into exercise(id, hours_per_week) values(719, 7.230840903740949);
insert into thanatol(id, mmol_per_l) values(719, 15.871056960013236);
insert into participants(id) values(15);
insert into ages(id, birthday) values(15, '1980-05-10');
insert into exercise(id, hours_per_week) values(15, 7.199948605710488);
insert into thanatol(id, mmol_per_l) values(15, 15.926861145600707);
insert into participants(id) values(950);
insert into ages(id, birthday) values(950, '1980-04-20');
insert into exercise(id, hours_per_week) values(950, 7.257433879004422);
insert into thanatol(id, mmol_per_l) values(950, 15.842976164276793);
insert into participants(id) values(244);
insert into ages(id, birthday) values(244, '1980-03-31');
insert into exercise(id, hours_per_week) values(244, 7.1377639353645455);
insert into thanatol(id, mmol_per_l) values(244, 16.039231162007155);
insert into participants(id) values(716);
insert into ages(id, birthday) values(716, '1980-03-11');
insert into exercise(id, hours_per_week) values(716, 7.198085038312434);
insert into thanatol(id, mmol_per_l) values(716, 15.95082187720952);
insert into participants(id) values(422);
insert into ages(id, birthday) values(422, '1980-02-21');
insert into exercise(id, hours_per_week) values(422, 7.006973974888749);
insert into thanatol(id, mmol_per_l) values(422, 16.26038761133829);
insert into participants(id) values(510);
insert into ages(id, birthday) values(510, '1980-02-01');
insert into exercise(id, hours_per_week) values(510, 7.044861267765611);
insert into thanatol(id, mmol_per_l) values(510, 16.20751741597371);
insert into participants(id) values(209);
insert into ages(id, birthday) values(209, '1980-01-12');
insert into exercise(id, hours_per_week) values(209, 7.08248836636516);
insert into thanatol(id, mmol_per_l) values(209, 16.155006851134125);
insert into participants(id) values(534);
insert into ages(id, birthday) values(534, '1979-12-23');
insert into exercise(id, hours_per_week) values(534, 7.093681025643323);
insert into thanatol(id, mmol_per_l) values(534, 16.144349206530368);
insert into participants(id) values(124);
insert into ages(id, birthday) values(124, '1979-12-04');
insert into exercise(id, hours_per_week) values(124, 7.256838053441756);
insert into thanatol(id, mmol_per_l) values(124, 15.8926687303794);
insert into participants(id) values(289);
insert into ages(id, birthday) values(289, '1979-11-14');
insert into exercise(id, hours_per_week) values(289, 7.399613596940348);
insert into thanatol(id, mmol_per_l) values(289, 15.673099569395111);
insert into participants(id) values(192);
insert into ages(id, birthday) values(192, '1979-10-25');
insert into exercise(id, hours_per_week) values(192, 7.174520591859529);
insert into thanatol(id, mmol_per_l) values(192, 16.03726291225757);
insert into participants(id) values(908);
insert into ages(id, birthday) values(908, '1979-10-06');
insert into exercise(id, hours_per_week) values(908, 7.125962496720821);
insert into thanatol(id, mmol_per_l) values(908, 16.12139623590242);
insert into participants(id) values(444);
insert into ages(id, birthday) values(444, '1979-09-16');
insert into exercise(id, hours_per_week) values(444, 7.105837707305578);
insert into thanatol(id, mmol_per_l) values(444, 16.16042432508842);
insert into participants(id) values(425);
insert into ages(id, birthday) values(425, '1979-08-27');
insert into exercise(id, hours_per_week) values(425, 7.114837733907316);
insert into thanatol(id, mmol_per_l) values(425, 16.153188797141755);
insert into participants(id) values(826);
insert into ages(id, birthday) values(826, '1979-08-07');
insert into exercise(id, hours_per_week) values(826, 7.124638927939341);
insert into thanatol(id, mmol_per_l) values(826, 16.144666810492133);
insert into participants(id) values(555);
insert into ages(id, birthday) values(555, '1979-07-19');
insert into exercise(id, hours_per_week) values(555, 7.246005294215888);
insert into thanatol(id, mmol_per_l) values(555, 15.958652118444672);
insert into participants(id) values(757);
insert into ages(id, birthday) values(757, '1979-06-29');
insert into exercise(id, hours_per_week) values(757, 7.054748006692225);
insert into thanatol(id, mmol_per_l) values(757, 16.270011087418784);
insert into participants(id) values(586);
insert into ages(id, birthday) values(586, '1979-06-09');
insert into exercise(id, hours_per_week) values(586, 7.295502544343553);
insert into thanatol(id, mmol_per_l) values(586, 15.893786334994616);
insert into participants(id) values(460);
insert into ages(id, birthday) values(460, '1979-05-20');
insert into exercise(id, hours_per_week) values(460, 7.275440060795165);
insert into thanatol(id, mmol_per_l) values(460, 15.932681268410605);
insert into participants(id) values(454);
insert into ages(id, birthday) values(454, '1979-05-01');
insert into exercise(id, hours_per_week) values(454, 7.137199993008016);
insert into thanatol(id, mmol_per_l) values(454, 16.159930791065143);
insert into participants(id) values(664);
insert into ages(id, birthday) values(664, '1979-04-11');
insert into exercise(id, hours_per_week) values(664, 7.37612695082886);
insert into thanatol(id, mmol_per_l) values(664, 15.78606046124999);
insert into participants(id) values(43);
insert into ages(id, birthday) values(43, '1979-03-22');
insert into exercise(id, hours_per_week) values(43, 7.068177570539523);
insert into thanatol(id, mmol_per_l) values(43, 16.28411523401592);
insert into participants(id) values(221);
insert into ages(id, birthday) values(221, '1979-03-03');
insert into exercise(id, hours_per_week) values(221, 7.21555785724284);
insert into thanatol(id, mmol_per_l) values(221, 16.056039570496832);
insert into participants(id) values(657);
insert into ages(id, birthday) values(657, '1979-02-11');
insert into exercise(id, hours_per_week) values(657, 7.364244439492153);
insert into thanatol(id, mmol_per_l) values(657, 15.825673722191409);
insert into participants(id) values(733);
insert into ages(id, birthday) values(733, '1979-01-22');
insert into exercise(id, hours_per_week) values(733, 7.215750422303489);
insert into thanatol(id, mmol_per_l) values(733, 16.069718128642414);
insert into participants(id) values(456);
insert into ages(id, birthday) values(456, '1979-01-02');
insert into exercise(id, hours_per_week) values(456, 7.087984143722513);
insert into thanatol(id, mmol_per_l) values(456, 16.28085097160135);
insert into participants(id) values(80);
insert into ages(id, birthday) values(80, '1978-12-14');
insert into exercise(id, hours_per_week) values(80, 7.300454799760126);
insert into thanatol(id, mmol_per_l) values(80, 15.948307771812);
insert into participants(id) values(445);
insert into ages(id, birthday) values(445, '1978-11-24');
insert into exercise(id, hours_per_week) values(445, 7.470894790000282);
insert into thanatol(id, mmol_per_l) values(445, 15.682682609566346);
insert into participants(id) values(788);
insert into ages(id, birthday) values(788, '1978-11-04');
insert into exercise(id, hours_per_week) values(788, 7.112425670825138);
insert into thanatol(id, mmol_per_l) values(788, 16.26299343257489);
insert into participants(id) values(72);
insert into ages(id, birthday) values(72, '1978-10-15');
insert into exercise(id, hours_per_week) values(72, 7.261085257580237);
insert into thanatol(id, mmol_per_l) values(72, 16.032122460705363);
insert into participants(id) values(850);
insert into ages(id, birthday) values(850, '1978-09-26');
insert into exercise(id, hours_per_week) values(850, 6.993405406518262);
insert into thanatol(id, mmol_per_l) values(850, 16.467702354473925);
insert into participants(id) values(755);
insert into ages(id, birthday) values(755, '1978-09-06');
insert into exercise(id, hours_per_week) values(755, 7.088771351655199);
insert into thanatol(id, mmol_per_l) values(755, 16.322080178371657);
insert into participants(id) values(434);
insert into ages(id, birthday) values(434, '1978-08-17');
insert into exercise(id, hours_per_week) values(434, 7.191883363583283);
insert into thanatol(id, mmol_per_l) values(434, 16.163911403258112);
insert into participants(id) values(920);
insert into ages(id, birthday) values(920, '1978-07-28');
insert into exercise(id, hours_per_week) values(920, 7.153588383579211);
insert into thanatol(id, mmol_per_l) values(920, 16.23232003025057);
insert into participants(id) values(134);
insert into ages(id, birthday) values(134, '1978-07-09');
insert into exercise(id, hours_per_week) values(134, 7.140361129999652);
insert into thanatol(id, mmol_per_l) values(134, 16.260572865455384);
insert into participants(id) values(684);
insert into ages(id, birthday) values(684, '1978-06-19');
insert into exercise(id, hours_per_week) values(684, 7.29904347974456);
insert into thanatol(id, mmol_per_l) values(684, 16.01297895346937);
insert into participants(id) values(108);
insert into ages(id, birthday) values(108, '1978-05-30');
insert into exercise(id, hours_per_week) values(108, 7.350862884541901);
insert into thanatol(id, mmol_per_l) values(108, 15.936722828600303);
insert into participants(id) values(946);
insert into ages(id, birthday) values(946, '1978-05-11');
insert into exercise(id, hours_per_week) values(946, 7.274725569043868);
insert into thanatol(id, mmol_per_l) values(946, 16.065906014629853);
insert into participants(id) values(285);
insert into ages(id, birthday) values(285, '1978-04-21');
insert into exercise(id, hours_per_week) values(285, 7.2462703713803025);
insert into thanatol(id, mmol_per_l) values(285, 16.11857962257287);
insert into participants(id) values(459);
insert into ages(id, birthday) values(459, '1978-04-01');
insert into exercise(id, hours_per_week) values(459, 7.321713825487506);
insert into thanatol(id, mmol_per_l) values(459, 16.004276702303212);
insert into participants(id) values(978);
insert into ages(id, birthday) values(978, '1978-03-12');
insert into exercise(id, hours_per_week) values(978, 7.343818640690563);
insert into thanatol(id, mmol_per_l) values(978, 15.975647335056241);
insert into participants(id) values(341);
insert into ages(id, birthday) values(341, '1978-02-21');
insert into exercise(id, hours_per_week) values(341, 7.191630060833012);
insert into thanatol(id, mmol_per_l) values(341, 16.227404454250514);
insert into participants(id) values(780);
insert into ages(id, birthday) values(780, '1978-02-01');
insert into exercise(id, hours_per_week) values(780, 7.360713776191873);
insert into thanatol(id, mmol_per_l) values(780, 15.962261162089316);
insert into participants(id) values(165);
insert into ages(id, birthday) values(165, '1978-01-12');
insert into exercise(id, hours_per_week) values(165, 7.319219631671344);
insert into thanatol(id, mmol_per_l) values(165, 16.03597011743301);
insert into participants(id) values(849);
insert into ages(id, birthday) values(849, '1977-12-23');
insert into exercise(id, hours_per_week) values(849, 7.39739610254509);
insert into thanatol(id, mmol_per_l) values(849, 15.916951545073696);
insert into participants(id) values(261);
insert into ages(id, birthday) values(261, '1977-12-04');
insert into exercise(id, hours_per_week) values(261, 7.099654693654668);
insert into thanatol(id, mmol_per_l) values(261, 16.403676207624205);
insert into participants(id) values(987);
insert into ages(id, birthday) values(987, '1977-11-14');
insert into exercise(id, hours_per_week) values(987, 7.070235075447712);
insert into thanatol(id, mmol_per_l) values(987, 16.45818468144029);
insert into participants(id) values(764);
insert into ages(id, birthday) values(764, '1977-10-25');
insert into exercise(id, hours_per_week) values(764, 7.2260706777808625);
insert into thanatol(id, mmol_per_l) values(764, 16.21390807813402);
insert into participants(id) values(35);
insert into ages(id, birthday) values(35, '1977-10-06');
insert into exercise(id, hours_per_week) values(35, 7.375947002213276);
insert into thanatol(id, mmol_per_l) values(35, 15.979031625308647);
insert into participants(id) values(859);
insert into ages(id, birthday) values(859, '1977-09-16');
insert into exercise(id, hours_per_week) values(859, 7.336149252286664);
insert into thanatol(id, mmol_per_l) values(859, 16.050164292080517);
insert into participants(id) values(772);
insert into ages(id, birthday) values(772, '1977-08-27');
insert into exercise(id, hours_per_week) values(772, 7.266593152143037);
insert into thanatol(id, mmol_per_l) values(772, 16.169416033187353);
insert into participants(id) values(316);
insert into ages(id, birthday) values(316, '1977-08-07');
insert into exercise(id, hours_per_week) values(316, 7.346958166342376);
insert into thanatol(id, mmol_per_l) values(316, 16.04651740303365);
insert into participants(id) values(301);
insert into ages(id, birthday) values(301, '1977-07-19');
insert into exercise(id, hours_per_week) values(301, 7.362158861887727);
insert into thanatol(id, mmol_per_l) values(301, 16.028846825115238);
insert into participants(id) values(294);
insert into ages(id, birthday) values(294, '1977-06-29');
insert into exercise(id, hours_per_week) values(294, 7.292986394924903);
insert into thanatol(id, mmol_per_l) values(294, 16.147605091203687);
insert into participants(id) values(726);
insert into ages(id, birthday) values(726, '1977-06-09');
insert into exercise(id, hours_per_week) values(726, 7.219072850033139);
insert into thanatol(id, mmol_per_l) values(726, 16.274130165722443);
insert into participants(id) values(3);
insert into ages(id, birthday) values(3, '1977-05-20');
insert into exercise(id, hours_per_week) values(3, 7.183708219830833);
insert into thanatol(id, mmol_per_l) values(3, 16.33836231692092);
insert into participants(id) values(506);
insert into ages(id, birthday) values(506, '1977-05-01');
insert into exercise(id, hours_per_week) values(506, 7.230029884889175);
insert into thanatol(id, mmol_per_l) values(506, 16.27036859566595);
insert into participants(id) values(232);
insert into ages(id, birthday) values(232, '1977-04-11');
insert into exercise(id, hours_per_week) values(232, 7.1719199449776445);
insert into thanatol(id, mmol_per_l) values(232, 16.37148968913622);
insert into participants(id) values(685);
insert into ages(id, birthday) values(685, '1977-03-22');
insert into exercise(id, hours_per_week) values(685, 7.520227788930713);
insert into thanatol(id, mmol_per_l) values(685, 15.814012290804804);
insert into participants(id) values(215);
insert into ages(id, birthday) values(215, '1977-03-03');
insert into exercise(id, hours_per_week) values(215, 7.316541159157057);
insert into thanatol(id, mmol_per_l) values(215, 16.151049056461723);
insert into participants(id) values(297);
insert into ages(id, birthday) values(297, '1977-02-11');
insert into exercise(id, hours_per_week) values(297, 7.304668641239159);
insert into thanatol(id, mmol_per_l) values(297, 16.17723015614905);
insert into participants(id) values(85);
insert into ages(id, birthday) values(85, '1977-01-22');
insert into exercise(id, hours_per_week) values(85, 7.372351388157363);
insert into thanatol(id, mmol_per_l) values(85, 16.074327071650423);
insert into participants(id) values(385);
insert into ages(id, birthday) values(385, '1977-01-02');
insert into exercise(id, hours_per_week) values(385, 7.156583461226265);
insert into thanatol(id, mmol_per_l) values(385, 16.43150496611421);
insert into participants(id) values(286);
insert into ages(id, birthday) values(286, '1976-12-14');
insert into exercise(id, hours_per_week) values(286, 7.2451258113597286);
insert into thanatol(id, mmol_per_l) values(286, 16.294731182213965);
insert into participants(id) values(343);
insert into ages(id, birthday) values(343, '1976-11-24');
insert into exercise(id, hours_per_week) values(343, 7.412477080799201);
insert into thanatol(id, mmol_per_l) values(343, 16.029780483847354);
insert into participants(id) values(265);
insert into ages(id, birthday) values(265, '1976-11-04');
insert into exercise(id, hours_per_week) values(265, 7.199294169848865);
insert into thanatol(id, mmol_per_l) values(265, 16.38317825718236);
insert into participants(id) values(761);
insert into ages(id, birthday) values(761, '1976-10-15');
insert into exercise(id, hours_per_week) values(761, 7.37165415648908);
insert into thanatol(id, mmol_per_l) values(761, 16.109881348597682);
insert into participants(id) values(378);
insert into ages(id, birthday) values(378, '1976-09-26');
insert into exercise(id, hours_per_week) values(378, 7.48080646995233);
insert into thanatol(id, mmol_per_l) values(378, 15.93918057795941);
insert into participants(id) values(125);
insert into ages(id, birthday) values(125, '1976-09-06');
insert into exercise(id, hours_per_week) values(125, 7.355694421184838);
insert into thanatol(id, mmol_per_l) values(125, 16.1496272579356);
insert into participants(id) values(280);
insert into ages(id, birthday) values(280, '1976-08-17');
insert into exercise(id, hours_per_week) values(280, 7.508104960579065);
insert into thanatol(id, mmol_per_l) values(280, 15.908346771912685);
insert into participants(id) values(887);
insert into ages(id, birthday) values(887, '1976-07-28');
insert into exercise(id, hours_per_week) values(887, 7.404052933505448);
insert into thanatol(id, mmol_per_l) values(887, 16.08464087372734);
insert into participants(id) values(600);
insert into ages(id, birthday) values(600, '1976-07-09');
insert into exercise(id, hours_per_week) values(600, 7.225307289703419);
insert into thanatol(id, mmol_per_l) values(600, 16.38281001164551);
insert into participants(id) values(595);
insert into ages(id, birthday) values(595, '1976-06-19');
insert into exercise(id, hours_per_week) values(595, 7.242630489512921);
insert into thanatol(id, mmol_per_l) values(595, 16.36155211153855);
insert into participants(id) values(689);
insert into ages(id, birthday) values(689, '1976-05-30');
insert into exercise(id, hours_per_week) values(689, 7.521889624579815);
insert into thanatol(id, mmol_per_l) values(689, 15.913021271042515);
insert into participants(id) values(362);
insert into ages(id, birthday) values(362, '1976-05-11');
insert into exercise(id, hours_per_week) values(362, 7.35564432588976);
insert into thanatol(id, mmol_per_l) values(362, 16.191082942494024);
insert into participants(id) values(55);
insert into ages(id, birthday) values(55, '1976-04-21');
insert into exercise(id, hours_per_week) values(55, 7.325731856761561);
insert into thanatol(id, mmol_per_l) values(55, 16.24681102827829);
insert into participants(id) values(997);
insert into ages(id, birthday) values(997, '1976-04-01');
insert into exercise(id, hours_per_week) values(997, 7.491379039872707);
insert into thanatol(id, mmol_per_l) values(997, 15.983191761134536);
insert into participants(id) values(613);
insert into ages(id, birthday) values(613, '1976-03-12');
insert into exercise(id, hours_per_week) values(613, 7.542512205248175);
insert into thanatol(id, mmol_per_l) values(613, 15.906446660166322);
insert into participants(id) values(5);
insert into ages(id, birthday) values(5, '1976-02-22');
insert into exercise(id, hours_per_week) values(5, 7.398690952201872);
insert into thanatol(id, mmol_per_l) values(5, 16.14830192461705);
insert into participants(id) values(53);
insert into ages(id, birthday) values(53, '1976-02-02');
insert into exercise(id, hours_per_week) values(53, 7.38264196703489);
insert into thanatol(id, mmol_per_l) values(53, 16.181412437382406);
insert into participants(id) values(182);
insert into ages(id, birthday) values(182, '1976-01-13');
insert into exercise(id, hours_per_week) values(182, 7.357747225645146);
insert into thanatol(id, mmol_per_l) values(182, 16.229016778183933);
insert into participants(id) values(503);
insert into ages(id, birthday) values(503, '1975-12-24');
insert into exercise(id, hours_per_week) values(503, 7.3378417100266065);
insert into thanatol(id, mmol_per_l) values(503, 16.268489957991203);
insert into participants(id) values(6);
insert into ages(id, birthday) values(6, '1975-12-05');
insert into exercise(id, hours_per_week) values(6, 7.4595714958559345);
insert into thanatol(id, mmol_per_l) values(6, 16.076080772345232);
insert into participants(id) values(603);
insert into ages(id, birthday) values(603, '1975-11-15');
insert into exercise(id, hours_per_week) values(603, 7.2073043205554885);
insert into thanatol(id, mmol_per_l) values(603, 16.496135401394316);
insert into participants(id) values(142);
insert into ages(id, birthday) values(142, '1975-10-26');
insert into exercise(id, hours_per_week) values(142, 7.285248458092889);
insert into thanatol(id, mmol_per_l) values(142, 16.37540210211218);
insert into participants(id) values(580);
insert into ages(id, birthday) values(580, '1975-10-07');
insert into exercise(id, hours_per_week) values(580, 7.509333129931393);
insert into thanatol(id, mmol_per_l) values(580, 16.014968982117885);
insert into participants(id) values(527);
insert into ages(id, birthday) values(527, '1975-09-17');
insert into exercise(id, hours_per_week) values(527, 7.503337143800701);
insert into thanatol(id, mmol_per_l) values(527, 16.031592205843484);
insert into participants(id) values(701);
insert into ages(id, birthday) values(701, '1975-08-28');
insert into exercise(id, hours_per_week) values(701, 7.439596072532242);
insert into thanatol(id, mmol_per_l) values(701, 16.142974753263506);
insert into participants(id) values(467);
insert into ages(id, birthday) values(467, '1975-08-08');
insert into exercise(id, hours_per_week) values(467, 7.432347670046481);
insert into thanatol(id, mmol_per_l) values(467, 16.161710674143006);
insert into participants(id) values(414);
insert into ages(id, birthday) values(414, '1975-07-20');
insert into exercise(id, hours_per_week) values(414, 7.347910874317092);
insert into thanatol(id, mmol_per_l) values(414, 16.307218489258563);
insert into participants(id) values(242);
insert into ages(id, birthday) values(242, '1975-06-30');
insert into exercise(id, hours_per_week) values(242, 7.501195651140339);
insert into thanatol(id, mmol_per_l) values(242, 16.062282727902563);
insert into participants(id) values(588);
insert into ages(id, birthday) values(588, '1975-06-10');
insert into exercise(id, hours_per_week) values(588, 7.344337463602896);
insert into thanatol(id, mmol_per_l) values(588, 16.326893983568525);
insert into participants(id) values(641);
insert into ages(id, birthday) values(641, '1975-05-21');
insert into exercise(id, hours_per_week) values(641, 7.285123366212574);
insert into thanatol(id, mmol_per_l) values(641, 16.431164713503435);
insert into participants(id) values(344);
insert into ages(id, birthday) values(344, '1975-05-02');
insert into exercise(id, hours_per_week) values(344, 7.399463965021549);
insert into thanatol(id, mmol_per_l) values(344, 16.250016923022855);
insert into participants(id) values(438);
insert into ages(id, birthday) values(438, '1975-04-12');
insert into exercise(id, hours_per_week) values(438, 7.398112132384949);
insert into thanatol(id, mmol_per_l) values(438, 16.25910689070363);
insert into participants(id) values(220);
insert into ages(id, birthday) values(220, '1975-03-23');
insert into exercise(id, hours_per_week) values(220, 7.332694066389703);
insert into thanatol(id, mmol_per_l) values(220, 16.373677977645187);
insert into participants(id) values(848);
insert into ages(id, birthday) values(848, '1975-03-04');
insert into exercise(id, hours_per_week) values(848, 7.286919372668817);
insert into thanatol(id, mmol_per_l) values(848, 16.455985311272133);
insert into participants(id) values(198);
insert into ages(id, birthday) values(198, '1975-02-12');
insert into exercise(id, hours_per_week) values(198, 7.47631470238057);
insert into thanatol(id, mmol_per_l) values(198, 16.150843286942163);
insert into participants(id) values(994);
insert into ages(id, birthday) values(994, '1975-01-23');
insert into exercise(id, hours_per_week) values(994, 7.4827312900934055);
insert into thanatol(id, mmol_per_l) values(994, 16.147077406879227);
insert into participants(id) values(449);
insert into ages(id, birthday) values(449, '1975-01-03');
insert into exercise(id, hours_per_week) values(449, 7.513003421702175);
insert into thanatol(id, mmol_per_l) values(449, 16.103960302911712);
insert into participants(id) values(799);
insert into ages(id, birthday) values(799, '1974-12-15');
insert into exercise(id, hours_per_week) values(799, 7.509705281890177);
insert into thanatol(id, mmol_per_l) values(799, 16.116188181245906);
insert into participants(id) values(485);
insert into ages(id, birthday) values(485, '1974-11-25');
insert into exercise(id, hours_per_week) values(485, 7.5267876964839715);
insert into thanatol(id, mmol_per_l) values(485, 16.094780925687655);
insert into participants(id) values(427);
insert into ages(id, birthday) values(427, '1974-11-05');
insert into exercise(id, hours_per_week) values(427, 7.403889691949689);
insert into thanatol(id, mmol_per_l) values(427, 16.304495971223773);
insert into participants(id) values(379);
insert into ages(id, birthday) values(379, '1974-10-16');
insert into exercise(id, hours_per_week) values(379, 7.614114775372437);
insert into thanatol(id, mmol_per_l) values(379, 15.964072788452315);
insert into participants(id) values(495);
insert into ages(id, birthday) values(495, '1974-09-27');
insert into exercise(id, hours_per_week) values(495, 7.435785078971299);
insert into thanatol(id, mmol_per_l) values(495, 16.265507933579634);
insert into participants(id) values(462);
insert into ages(id, birthday) values(462, '1974-09-07');
insert into exercise(id, hours_per_week) values(462, 7.307269756590872);
insert into thanatol(id, mmol_per_l) values(462, 16.484829902828793);
insert into participants(id) values(904);
insert into ages(id, birthday) values(904, '1974-08-18');
insert into exercise(id, hours_per_week) values(904, 7.425717170350765);
insert into thanatol(id, mmol_per_l) values(904, 16.2958407885009);
insert into participants(id) values(858);
insert into ages(id, birthday) values(858, '1974-07-29');
insert into exercise(id, hours_per_week) values(858, 7.216315013656457);
insert into thanatol(id, mmol_per_l) values(858, 16.64919579709311);
insert into participants(id) values(202);
insert into ages(id, birthday) values(202, '1974-07-10');
insert into exercise(id, hours_per_week) values(202, 7.224909596605086);
insert into thanatol(id, mmol_per_l) values(202, 16.641960468569902);
insert into participants(id) values(321);
insert into ages(id, birthday) values(321, '1974-06-20');
insert into exercise(id, hours_per_week) values(321, 7.472060339297843);
insert into thanatol(id, mmol_per_l) values(321, 16.239631034986807);
insert into participants(id) values(940);
insert into ages(id, birthday) values(940, '1974-05-31');
insert into exercise(id, hours_per_week) values(940, 7.40572864146112);
insert into thanatol(id, mmol_per_l) values(940, 16.356346430023954);
insert into participants(id) values(420);
insert into ages(id, birthday) values(420, '1974-05-12');
insert into exercise(id, hours_per_week) values(420, 7.516608608798177);
insert into thanatol(id, mmol_per_l) values(420, 16.179420556922558);
insert into participants(id) values(279);
insert into ages(id, birthday) values(279, '1974-04-22');
insert into exercise(id, hours_per_week) values(279, 7.460921970602586);
insert into thanatol(id, mmol_per_l) values(279, 16.278545297550583);
insert into participants(id) values(138);
insert into ages(id, birthday) values(138, '1974-04-02');
insert into exercise(id, hours_per_week) values(138, 7.532201059539108);
insert into thanatol(id, mmol_per_l) values(138, 16.167121593661882);
insert into participants(id) values(593);
insert into ages(id, birthday) values(593, '1974-03-13');
insert into exercise(id, hours_per_week) values(593, 7.534920059402921);
insert into thanatol(id, mmol_per_l) values(593, 16.16938209137548);
insert into participants(id) values(511);
insert into ages(id, birthday) values(511, '1974-02-22');
insert into exercise(id, hours_per_week) values(511, 7.61917985048266);
insert into thanatol(id, mmol_per_l) values(511, 16.03625591002103);
insert into participants(id) values(416);
insert into ages(id, birthday) values(416, '1974-02-02');
insert into exercise(id, hours_per_week) values(416, 7.408541418534982);
insert into thanatol(id, mmol_per_l) values(416, 16.392839697861973);
insert into participants(id) values(856);
insert into ages(id, birthday) values(856, '1974-01-13');
insert into exercise(id, hours_per_week) values(856, 7.426736919634436);
insert into thanatol(id, mmol_per_l) values(856, 16.369463183504752);
insert into participants(id) values(275);
insert into ages(id, birthday) values(275, '1973-12-24');
insert into exercise(id, hours_per_week) values(275, 7.5876542429164155);
insert into thanatol(id, mmol_per_l) values(275, 16.10880150258652);
insert into participants(id) values(231);
insert into ages(id, birthday) values(231, '1973-12-05');
insert into exercise(id, hours_per_week) values(231, 7.448870909780331);
insert into thanatol(id, mmol_per_l) values(231, 16.34634495876919);
insert into participants(id) values(571);
insert into ages(id, birthday) values(571, '1973-11-15');
insert into exercise(id, hours_per_week) values(571, 7.51208561004186);
insert into thanatol(id, mmol_per_l) values(571, 16.24800026610333);
insert into participants(id) values(167);
insert into ages(id, birthday) values(167, '1973-10-26');
insert into exercise(id, hours_per_week) values(167, 7.586960013397132);
insert into thanatol(id, mmol_per_l) values(167, 16.13016037924516);
insert into participants(id) values(609);
insert into ages(id, birthday) values(609, '1973-10-07');
insert into exercise(id, hours_per_week) values(609, 7.6020188705458205);
insert into thanatol(id, mmol_per_l) values(609, 16.111819696953663);
insert into participants(id) values(885);
insert into ages(id, birthday) values(885, '1973-09-17');
insert into exercise(id, hours_per_week) values(885, 7.377773705437183);
insert into thanatol(id, mmol_per_l) values(885, 16.492107170085223);
insert into participants(id) values(692);
insert into ages(id, birthday) values(692, '1973-08-28');
insert into exercise(id, hours_per_week) values(692, 7.48386654913839);
insert into thanatol(id, mmol_per_l) values(692, 16.322176998957165);
insert into participants(id) values(669);
insert into ages(id, birthday) values(669, '1973-08-08');
insert into exercise(id, hours_per_week) values(669, 7.517805350886095);
insert into thanatol(id, mmol_per_l) values(669, 16.27239881614041);
insert into participants(id) values(530);
insert into ages(id, birthday) values(530, '1973-07-20');
insert into exercise(id, hours_per_week) values(530, 7.40478155289683);
insert into thanatol(id, mmol_per_l) values(530, 16.46770026698289);
insert into participants(id) values(592);
insert into ages(id, birthday) values(592, '1973-06-30');
insert into exercise(id, hours_per_week) values(592, 7.412591563859237);
insert into thanatol(id, mmol_per_l) values(592, 16.461529644522454);
insert into participants(id) values(792);
insert into ages(id, birthday) values(792, '1973-06-10');
insert into exercise(id, hours_per_week) values(792, 7.314412489228824);
insert into thanatol(id, mmol_per_l) values(792, 16.63228037126265);
insert into participants(id) values(813);
insert into ages(id, birthday) values(813, '1973-05-21');
insert into exercise(id, hours_per_week) values(813, 7.524673590338612);
insert into thanatol(id, mmol_per_l) values(813, 16.288060560752655);
insert into participants(id) values(332);
insert into ages(id, birthday) values(332, '1973-05-02');
insert into exercise(id, hours_per_week) values(332, 7.628115752660177);
insert into thanatol(id, mmol_per_l) values(332, 16.122014484590302);
insert into participants(id) values(922);
insert into ages(id, birthday) values(922, '1973-04-12');
insert into exercise(id, hours_per_week) values(922, 7.478773293011808);
insert into thanatol(id, mmol_per_l) values(922, 16.37833606739455);
insert into participants(id) values(658);
insert into ages(id, birthday) values(658, '1973-03-23');
insert into exercise(id, hours_per_week) values(658, 7.382236524957604);
insert into thanatol(id, mmol_per_l) values(658, 16.546567589850813);
insert into participants(id) values(599);
insert into ages(id, birthday) values(599, '1973-03-04');
insert into exercise(id, hours_per_week) values(599, 7.527788142499407);
insert into thanatol(id, mmol_per_l) values(599, 16.309963356682267);
insert into participants(id) values(239);
insert into ages(id, birthday) values(239, '1973-02-12');
insert into exercise(id, hours_per_week) values(239, 7.373882827516432);
insert into thanatol(id, mmol_per_l) values(239, 16.574302035680606);
insert into participants(id) values(75);
insert into ages(id, birthday) values(75, '1973-01-23');
insert into exercise(id, hours_per_week) values(75, 7.255418367969613);
insert into thanatol(id, mmol_per_l) values(75, 16.77951925591126);
insert into participants(id) values(160);
insert into ages(id, birthday) values(160, '1973-01-03');
insert into exercise(id, hours_per_week) values(160, 7.428518807395047);
insert into thanatol(id, mmol_per_l) values(160, 16.49655807471826);
insert into participants(id) values(828);
insert into ages(id, birthday) values(828, '1972-12-15');
insert into exercise(id, hours_per_week) values(828, 7.393267115070649);
insert into thanatol(id, mmol_per_l) values(828, 16.562470800778534);
insert into participants(id) values(189);
insert into ages(id, birthday) values(189, '1972-11-25');
insert into exercise(id, hours_per_week) values(189, 7.565774708397073);
insert into thanatol(id, mmol_per_l) values(189, 16.280166998464583);
insert into participants(id) values(996);
insert into ages(id, birthday) values(996, '1972-11-05');
insert into exercise(id, hours_per_week) values(996, 7.493190014601224);
insert into thanatol(id, mmol_per_l) values(996, 16.408640343853683);
insert into participants(id) values(158);
insert into ages(id, birthday) values(158, '1972-10-16');
insert into exercise(id, hours_per_week) values(158, 7.461899466043457);
insert into thanatol(id, mmol_per_l) values(158, 16.46793607727721);
insert into participants(id) values(560);
insert into ages(id, birthday) values(560, '1972-09-27');
insert into exercise(id, hours_per_week) values(560, 7.44152336574562);
insert into thanatol(id, mmol_per_l) values(560, 16.508956729383705);
insert into participants(id) values(975);
insert into ages(id, birthday) values(975, '1972-09-07');
insert into exercise(id, hours_per_week) values(975, 7.283726834843761);
insert into thanatol(id, mmol_per_l) values(975, 16.780744687502494);
insert into participants(id) values(753);
insert into ages(id, birthday) values(753, '1972-08-18');
insert into exercise(id, hours_per_week) values(753, 7.459641429684139);
insert into thanatol(id, mmol_per_l) values(753, 16.492194593056443);
insert into participants(id) values(714);
insert into ages(id, birthday) values(714, '1972-07-29');
insert into exercise(id, hours_per_week) values(714, 7.51093631469007);
insert into thanatol(id, mmol_per_l) values(714, 16.412818835499206);
insert into participants(id) values(832);
insert into ages(id, birthday) values(832, '1972-07-10');
insert into exercise(id, hours_per_week) values(832, 7.5046289074574055);
insert into thanatol(id, mmol_per_l) values(832, 16.430210351794965);
insert into participants(id) values(59);
insert into ages(id, birthday) values(59, '1972-06-20');
insert into exercise(id, hours_per_week) values(59, 7.59881064880335);
insert into thanatol(id, mmol_per_l) values(59, 16.27860263081568);
insert into participants(id) values(101);
insert into ages(id, birthday) values(101, '1972-05-31');
insert into exercise(id, hours_per_week) values(101, 7.701522835336898);
insert into thanatol(id, mmol_per_l) values(101, 16.112511115123116);
insert into participants(id) values(493);
insert into ages(id, birthday) values(493, '1972-05-12');
insert into exercise(id, hours_per_week) values(493, 7.376978061140727);
insert into thanatol(id, mmol_per_l) values(493, 16.66545422573393);
insert into participants(id) values(822);
insert into ages(id, birthday) values(822, '1972-04-22');
insert into exercise(id, hours_per_week) values(822, 7.57315344033717);
insert into thanatol(id, mmol_per_l) values(822, 16.341987870777405);
insert into participants(id) values(674);
insert into ages(id, birthday) values(674, '1972-04-02');
insert into exercise(id, hours_per_week) values(674, 7.444634717827179);
insert into thanatol(id, mmol_per_l) values(674, 16.565239304701336);
insert into participants(id) values(781);
insert into ages(id, birthday) values(781, '1972-03-13');
insert into exercise(id, hours_per_week) values(781, 7.591375477847951);
insert into thanatol(id, mmol_per_l) values(781, 16.324766810499497);
insert into participants(id) values(942);
insert into ages(id, birthday) values(942, '1972-02-23');
insert into exercise(id, hours_per_week) values(942, 7.717444004512327);
insert into thanatol(id, mmol_per_l) values(942, 16.118944216639218);
insert into participants(id) values(955);
insert into ages(id, birthday) values(955, '1972-02-03');
insert into exercise(id, hours_per_week) values(955, 7.48036032866766);
insert into thanatol(id, mmol_per_l) values(955, 16.52548180238705);
insert into participants(id) values(34);
insert into ages(id, birthday) values(34, '1972-01-14');
insert into exercise(id, hours_per_week) values(34, 7.608490535613363);
insert into thanatol(id, mmol_per_l) values(34, 16.316082225156507);
insert into participants(id) values(264);
insert into ages(id, birthday) values(264, '1971-12-25');
insert into exercise(id, hours_per_week) values(264, 7.597995887307011);
insert into thanatol(id, mmol_per_l) values(264, 16.34051829402173);
insert into participants(id) values(282);
insert into ages(id, birthday) values(282, '1971-12-06');
insert into exercise(id, hours_per_week) values(282, 7.551129283474362);
insert into thanatol(id, mmol_per_l) values(282, 16.426394020881524);
insert into participants(id) values(1);
insert into ages(id, birthday) values(1, '1971-11-16');
insert into exercise(id, hours_per_week) values(1, 7.497881711568478);
insert into thanatol(id, mmol_per_l) values(1, 16.523115523752377);
insert into participants(id) values(175);
insert into ages(id, birthday) values(175, '1971-10-27');
insert into exercise(id, hours_per_week) values(175, 7.533041108335686);
insert into thanatol(id, mmol_per_l) values(175, 16.470486194652395);
insert into participants(id) values(102);
insert into ages(id, birthday) values(102, '1971-10-08');
insert into exercise(id, hours_per_week) values(102, 7.701227017963617);
insert into thanatol(id, mmol_per_l) values(102, 16.192875056961444);
insert into participants(id) values(372);
insert into ages(id, birthday) values(372, '1971-09-18');
insert into exercise(id, hours_per_week) values(372, 7.446424751288581);
insert into thanatol(id, mmol_per_l) values(372, 16.63054976048435);
insert into participants(id) values(707);
insert into ages(id, birthday) values(707, '1971-08-29');
insert into exercise(id, hours_per_week) values(707, 7.619497994775005);
insert into thanatol(id, mmol_per_l) values(707, 16.344494320039054);
insert into participants(id) values(644);
insert into ages(id, birthday) values(644, '1971-08-09');
insert into exercise(id, hours_per_week) values(644, 7.68341292311096);
insert into thanatol(id, mmol_per_l) values(644, 16.243000391792688);
insert into participants(id) values(423);
insert into ages(id, birthday) values(423, '1971-07-21');
insert into exercise(id, hours_per_week) values(423, 7.644007736554067);
insert into thanatol(id, mmol_per_l) values(423, 16.316407591827);
insert into participants(id) values(615);
insert into ages(id, birthday) values(615, '1971-07-01');
insert into exercise(id, hours_per_week) values(615, 7.5888993816748895);
insert into thanatol(id, mmol_per_l) values(615, 16.41647642990653);
insert into participants(id) values(349);
insert into ages(id, birthday) values(349, '1971-06-11');
insert into exercise(id, hours_per_week) values(349, 7.662763273872144);
insert into thanatol(id, mmol_per_l) values(349, 16.2980064382419);
insert into participants(id) values(977);
insert into ages(id, birthday) values(977, '1971-05-22');
insert into exercise(id, hours_per_week) values(977, 7.5910437513153335);
insert into thanatol(id, mmol_per_l) values(977, 16.426307275761797);
insert into participants(id) values(50);
insert into ages(id, birthday) values(50, '1971-05-03');
insert into exercise(id, hours_per_week) values(50, 7.617832542826298);
insert into thanatol(id, mmol_per_l) values(50, 16.38759358043622);
insert into participants(id) values(729);
insert into ages(id, birthday) values(729, '1971-04-13');
insert into exercise(id, hours_per_week) values(729, 7.680705356574511);
insert into thanatol(id, mmol_per_l) values(729, 16.28760290912783);
insert into participants(id) values(847);
insert into ages(id, birthday) values(847, '1971-03-24');
insert into exercise(id, hours_per_week) values(847, 7.536528465481144);
insert into thanatol(id, mmol_per_l) values(847, 16.539061670229042);
insert into participants(id) values(566);
insert into ages(id, birthday) values(566, '1971-03-05');
insert into exercise(id, hours_per_week) values(566, 7.5458167365598285);
insert into thanatol(id, mmol_per_l) values(566, 16.53005521719151);
insert into participants(id) values(575);
insert into ages(id, birthday) values(575, '1971-02-13');
insert into exercise(id, hours_per_week) values(575, 7.608989480761604);
insert into thanatol(id, mmol_per_l) values(575, 16.429473859138295);
insert into participants(id) values(870);
insert into ages(id, birthday) values(870, '1971-01-24');
insert into exercise(id, hours_per_week) values(870, 7.473537468552943);
insert into thanatol(id, mmol_per_l) values(870, 16.66645144148846);
insert into participants(id) values(112);
insert into ages(id, birthday) values(112, '1971-01-04');
insert into exercise(id, hours_per_week) values(112, 7.499854917676331);
insert into thanatol(id, mmol_per_l) values(112, 16.62850927783893);
insert into participants(id) values(931);
insert into ages(id, birthday) values(931, '1970-12-16');
insert into exercise(id, hours_per_week) values(931, 7.408536880245004);
insert into thanatol(id, mmol_per_l) values(931, 16.790665286057305);
insert into participants(id) values(995);
insert into ages(id, birthday) values(995, '1970-11-26');
insert into exercise(id, hours_per_week) values(995, 7.587544003814381);
insert into thanatol(id, mmol_per_l) values(995, 16.49285271134573);
insert into participants(id) values(308);
insert into ages(id, birthday) values(308, '1970-11-06');
insert into exercise(id, hours_per_week) values(308, 7.5906200081235715);
insert into thanatol(id, mmol_per_l) values(308, 16.4943497158977);
insert into participants(id) values(129);
insert into ages(id, birthday) values(129, '1970-10-17');
insert into exercise(id, hours_per_week) values(129, 7.642546873134839);
insert into thanatol(id, mmol_per_l) values(129, 16.412630001970548);
insert into participants(id) values(478);
insert into ages(id, birthday) values(478, '1970-09-28');
insert into exercise(id, hours_per_week) values(478, 7.466640325373577);
insert into thanatol(id, mmol_per_l) values(478, 16.71908735904679);
insert into participants(id) values(92);
insert into ages(id, birthday) values(92, '1970-09-08');
insert into exercise(id, hours_per_week) values(92, 7.487372090662743);
insert into thanatol(id, mmol_per_l) values(92, 16.690562652852407);
insert into participants(id) values(948);
insert into ages(id, birthday) values(948, '1970-08-19');
insert into exercise(id, hours_per_week) values(948, 7.587933274816284);
insert into thanatol(id, mmol_per_l) values(948, 16.525861443429154);
insert into participants(id) values(252);
insert into ages(id, birthday) values(252, '1970-07-30');
insert into exercise(id, hours_per_week) values(252, 7.687157468010689);
insert into thanatol(id, mmol_per_l) values(252, 16.363301601876746);
insert into participants(id) values(443);
insert into ages(id, birthday) values(443, '1970-07-11');
insert into exercise(id, hours_per_week) values(443, 7.69980426092252);
insert into thanatol(id, mmol_per_l) values(443, 16.348380433711863);
insert into participants(id) values(537);
insert into ages(id, birthday) values(537, '1970-06-21');
insert into exercise(id, hours_per_week) values(537, 7.627162989613398);
insert into thanatol(id, mmol_per_l) values(537, 16.47907681935745);
insert into participants(id) values(246);
insert into ages(id, birthday) values(246, '1970-06-01');
insert into exercise(id, hours_per_week) values(246, 7.683497934167309);
insert into thanatol(id, mmol_per_l) values(246, 16.389548934390024);
insert into participants(id) values(710);
insert into ages(id, birthday) values(710, '1970-05-13');
insert into exercise(id, hours_per_week) values(710, 7.6164962060448165);
insert into thanatol(id, mmol_per_l) values(710, 16.510719881391672);
insert into participants(id) values(526);
insert into ages(id, birthday) values(526, '1970-04-23');
insert into exercise(id, hours_per_week) values(526, 7.6558471761587965);
insert into thanatol(id, mmol_per_l) values(526, 16.450157800760174);
insert into participants(id) values(94);
insert into ages(id, birthday) values(94, '1970-04-03');
insert into exercise(id, hours_per_week) values(94, 7.774719004862034);
insert into thanatol(id, mmol_per_l) values(94, 16.253532722881143);
insert into participants(id) values(768);
insert into ages(id, birthday) values(768, '1970-03-14');
insert into exercise(id, hours_per_week) values(768, 7.570851896222401);
insert into thanatol(id, mmol_per_l) values(768, 16.60896244660263);
insert into participants(id) values(453);
insert into ages(id, birthday) values(453, '1970-02-23');
insert into exercise(id, hours_per_week) values(453, 7.724918002767223);
insert into thanatol(id, mmol_per_l) values(453, 16.351987848081773);
insert into participants(id) values(245);
insert into ages(id, birthday) values(245, '1970-02-03');
insert into exercise(id, hours_per_week) values(245, 7.521276469124572);
insert into thanatol(id, mmol_per_l) values(245, 16.707349268007217);
insert into participants(id) values(803);
insert into ages(id, birthday) values(803, '1970-01-14');
insert into exercise(id, hours_per_week) values(803, 7.7468471737715445);
insert into thanatol(id, mmol_per_l) values(803, 16.32769849033809);
insert into participants(id) values(574);
insert into ages(id, birthday) values(574, '1969-12-25');
insert into exercise(id, hours_per_week) values(574, 7.70428763053764);
insert into thanatol(id, mmol_per_l) values(574, 16.407261801378198);
insert into participants(id) values(199);
insert into ages(id, birthday) values(199, '1969-12-06');
insert into exercise(id, hours_per_week) values(199, 7.697191905063005);
insert into thanatol(id, mmol_per_l) values(199, 16.426080936825183);
insert into participants(id) values(926);
insert into ages(id, birthday) values(926, '1969-11-16');
insert into exercise(id, hours_per_week) values(926, 7.813960670352576);
insert into thanatol(id, mmol_per_l) values(926, 16.23245603012576);
insert into participants(id) values(941);
insert into ages(id, birthday) values(941, '1969-10-27');
insert into exercise(id, hours_per_week) values(941, 7.559454816021579);
insert into thanatol(id, mmol_per_l) values(941, 16.67574166279417);
insert into participants(id) values(234);
insert into ages(id, birthday) values(234, '1969-10-08');
insert into exercise(id, hours_per_week) values(234, 7.904829780337599);
insert into thanatol(id, mmol_per_l) values(234, 16.089624245798856);
insert into participants(id) values(612);
insert into ages(id, birthday) values(612, '1969-09-18');
insert into exercise(id, hours_per_week) values(612, 7.788050537010461);
insert into thanatol(id, mmol_per_l) values(612, 16.296682942658254);
insert into participants(id) values(915);
insert into ages(id, birthday) values(915, '1969-08-29');
insert into exercise(id, hours_per_week) values(915, 7.772514868623878);
insert into thanatol(id, mmol_per_l) values(915, 16.329968278212817);
insert into participants(id) values(114);
insert into ages(id, birthday) values(114, '1969-08-09');
insert into exercise(id, hours_per_week) values(114, 7.70077705211742);
insert into thanatol(id, mmol_per_l) values(114, 16.45986912363109);
insert into participants(id) values(392);
insert into ages(id, birthday) values(392, '1969-07-21');
insert into exercise(id, hours_per_week) values(392, 7.644287951357333);
insert into thanatol(id, mmol_per_l) values(392, 16.563651310816805);
insert into participants(id) values(340);
insert into ages(id, birthday) values(340, '1969-07-01');
insert into exercise(id, hours_per_week) values(340, 7.678284705670714);
insert into thanatol(id, mmol_per_l) values(340, 16.51186935762045);
insert into participants(id) values(302);
insert into ages(id, birthday) values(302, '1969-06-11');
insert into exercise(id, hours_per_week) values(302, 7.628783240666297);
insert into thanatol(id, mmol_per_l) values(302, 16.603721564864266);
insert into participants(id) values(505);
insert into ages(id, birthday) values(505, '1969-05-22');
insert into exercise(id, hours_per_week) values(505, 7.589429979870515);
insert into thanatol(id, mmol_per_l) values(505, 16.67817277673719);
insert into participants(id) values(672);
insert into ages(id, birthday) values(672, '1969-05-03');
insert into exercise(id, hours_per_week) values(672, 7.746568512030749);
insert into thanatol(id, mmol_per_l) values(672, 16.414287957118937);
insert into participants(id) values(139);
insert into ages(id, birthday) values(139, '1969-04-13');
insert into exercise(id, hours_per_week) values(139, 7.58062875748416);
insert into thanatol(id, mmol_per_l) values(139, 16.706802454963004);
insert into participants(id) values(404);
insert into ages(id, birthday) values(404, '1969-03-24');
insert into exercise(id, hours_per_week) values(404, 7.676852337059872);
insert into thanatol(id, mmol_per_l) values(404, 16.547695431414958);
insert into participants(id) values(333);
insert into ages(id, birthday) values(333, '1969-03-05');
insert into exercise(id, hours_per_week) values(333, 7.905422757906961);
insert into thanatol(id, mmol_per_l) values(333, 16.160256002988067);
insert into participants(id) values(728);
insert into ages(id, birthday) values(728, '1969-02-13');
insert into exercise(id, hours_per_week) values(728, 7.568978428417791);
insert into thanatol(id, mmol_per_l) values(728, 16.747116591969373);
insert into participants(id) values(816);
insert into ages(id, birthday) values(816, '1969-01-24');
insert into exercise(id, hours_per_week) values(816, 7.756615541922432);
insert into thanatol(id, mmol_per_l) values(816, 16.43007046213586);
insert into participants(id) values(795);
insert into ages(id, birthday) values(795, '1969-01-04');
insert into exercise(id, hours_per_week) values(795, 7.785039780618264);
insert into thanatol(id, mmol_per_l) values(795, 16.387617811930355);
insert into participants(id) values(260);
insert into ages(id, birthday) values(260, '1968-12-16');
insert into exercise(id, hours_per_week) values(260, 7.85085397522918);
insert into thanatol(id, mmol_per_l) values(260, 16.28055218872582);
insert into participants(id) values(334);
insert into ages(id, birthday) values(334, '1968-11-26');
insert into exercise(id, hours_per_week) values(334, 7.79828819316752);
insert into thanatol(id, mmol_per_l) values(334, 16.377922777302697);
insert into participants(id) values(890);
insert into ages(id, birthday) values(890, '1968-11-06');
insert into exercise(id, hours_per_week) values(890, 7.852856025396442);
insert into thanatol(id, mmol_per_l) values(890, 16.290194871316714);
insert into participants(id) values(127);
insert into ages(id, birthday) values(127, '1968-10-17');
insert into exercise(id, hours_per_week) values(127, 7.567058171779245);
insert into thanatol(id, mmol_per_l) values(127, 16.79092149942233);
insert into participants(id) values(601);
insert into ages(id, birthday) values(601, '1968-09-28');
insert into exercise(id, hours_per_week) values(601, 7.695396405916681);
insert into thanatol(id, mmol_per_l) values(601, 16.57566989274598);
insert into participants(id) values(63);
insert into ages(id, birthday) values(63, '1968-09-08');
insert into exercise(id, hours_per_week) values(63, 7.833340865964219);
insert into thanatol(id, mmol_per_l) values(63, 16.343616308397056);
insert into participants(id) values(370);
insert into ages(id, birthday) values(370, '1968-08-19');
insert into exercise(id, hours_per_week) values(370, 7.711336216501513);
insert into thanatol(id, mmol_per_l) values(370, 16.561394082027228);
insert into participants(id) values(852);
insert into ages(id, birthday) values(852, '1968-07-30');
insert into exercise(id, hours_per_week) values(852, 7.7229458166743115);
insert into thanatol(id, mmol_per_l) values(852, 16.547936001824596);
insert into participants(id) values(554);
insert into ages(id, birthday) values(554, '1968-07-11');
insert into exercise(id, hours_per_week) values(554, 7.8595084383074045);
insert into thanatol(id, mmol_per_l) values(554, 16.317969820053804);
insert into participants(id) values(863);
insert into ages(id, birthday) values(863, '1968-06-21');
insert into exercise(id, hours_per_week) values(863, 7.607019936683127);
insert into thanatol(id, mmol_per_l) values(863, 16.76214907345255);
insert into participants(id) values(711);
insert into ages(id, birthday) values(711, '1968-06-01');
insert into exercise(id, hours_per_week) values(711, 7.972106404077799);
insert into thanatol(id, mmol_per_l) values(711, 16.135818586597146);
insert into participants(id) values(985);
insert into ages(id, birthday) values(985, '1968-05-13');
insert into exercise(id, hours_per_week) values(985, 7.810813705035258);
insert into thanatol(id, mmol_per_l) values(985, 16.42207574749714);
insert into participants(id) values(597);
insert into ages(id, birthday) values(597, '1968-04-23');
insert into exercise(id, hours_per_week) values(597, 7.755170180873086);
insert into thanatol(id, mmol_per_l) values(597, 16.525217028975995);
insert into participants(id) values(186);
insert into ages(id, birthday) values(186, '1968-04-03');
insert into exercise(id, hours_per_week) values(186, 7.958169588027015);
insert into thanatol(id, mmol_per_l) values(186, 16.179415546098582);
insert into participants(id) values(779);
insert into ages(id, birthday) values(779, '1968-03-14');
insert into exercise(id, hours_per_week) values(779, 7.852411272416061);
insert into thanatol(id, mmol_per_l) values(779, 16.36956896309578);
insert into participants(id) values(474);
insert into ages(id, birthday) values(474, '1968-02-24');
insert into exercise(id, hours_per_week) values(474, 7.769548866534899);
insert into thanatol(id, mmol_per_l) values(474, 16.520088841927784);
insert into participants(id) values(351);
insert into ages(id, birthday) values(351, '1968-02-04');
insert into exercise(id, hours_per_week) values(351, 7.799446135597911);
insert into thanatol(id, mmol_per_l) values(351, 16.47473103736113);
insert into participants(id) values(809);
insert into ages(id, birthday) values(809, '1968-01-15');
insert into exercise(id, hours_per_week) values(809, 7.825339947894557);
insert into thanatol(id, mmol_per_l) values(809, 16.436293054309683);
insert into participants(id) values(335);
insert into ages(id, birthday) values(335, '1967-12-26');
insert into exercise(id, hours_per_week) values(335, 7.795868692485088);
insert into thanatol(id, mmol_per_l) values(335, 16.494128645898723);
insert into participants(id) values(936);
insert into ages(id, birthday) values(936, '1967-12-07');
insert into exercise(id, hours_per_week) values(936, 7.854435477297789);
insert into thanatol(id, mmol_per_l) values(936, 16.398798616495522);
insert into participants(id) values(524);
insert into ages(id, birthday) values(524, '1967-11-17');
insert into exercise(id, hours_per_week) values(524, 7.729000914018494);
insert into thanatol(id, mmol_per_l) values(524, 16.623720030382476);
insert into participants(id) values(489);
insert into ages(id, birthday) values(489, '1967-10-28');
insert into exercise(id, hours_per_week) values(489, 7.748154503307013);
insert into thanatol(id, mmol_per_l) values(489, 16.59699794072692);
insert into participants(id) values(536);
insert into ages(id, birthday) values(536, '1967-10-09');
insert into exercise(id, hours_per_week) values(536, 7.801422238154477);
insert into thanatol(id, mmol_per_l) values(536, 16.510811586140584);
insert into participants(id) values(765);
insert into ages(id, birthday) values(765, '1967-09-19');
insert into exercise(id, hours_per_week) values(765, 7.6279291140635666);
insert into thanatol(id, mmol_per_l) values(765, 16.819797995162716);
insert into participants(id) values(880);
insert into ages(id, birthday) values(880, '1967-08-30');
insert into exercise(id, hours_per_week) values(880, 7.694756152468346);
insert into thanatol(id, mmol_per_l) values(880, 16.709977708194);
insert into participants(id) values(836);
insert into ages(id, birthday) values(836, '1967-08-10');
insert into exercise(id, hours_per_week) values(836, 7.923342213051088);
insert into thanatol(id, mmol_per_l) values(836, 16.317891846113973);
insert into participants(id) values(589);
insert into ages(id, birthday) values(589, '1967-07-22');
insert into exercise(id, hours_per_week) values(589, 7.836296820486511);
insert into thanatol(id, mmol_per_l) values(589, 16.476295610334002);
insert into participants(id) values(583);
insert into ages(id, birthday) values(583, '1967-07-02');
insert into exercise(id, hours_per_week) values(583, 7.91228815562957);
insert into thanatol(id, mmol_per_l) values(583, 16.35019222992484);
insert into participants(id) values(21);
insert into ages(id, birthday) values(21, '1967-06-12');
insert into exercise(id, hours_per_week) values(21, 7.715424496947961);
insert into thanatol(id, mmol_per_l) values(21, 16.700520783978995);
insert into participants(id) values(176);
insert into ages(id, birthday) values(176, '1967-05-23');
insert into exercise(id, hours_per_week) values(176, 7.829428714598113);
insert into thanatol(id, mmol_per_l) values(176, 16.507980378648888);
insert into participants(id) values(37);
insert into ages(id, birthday) values(37, '1967-05-04');
insert into exercise(id, hours_per_week) values(37, 7.808296268071444);
insert into thanatol(id, mmol_per_l) values(37, 16.551483704417212);
insert into participants(id) values(602);
insert into ages(id, birthday) values(602, '1967-04-14');
insert into exercise(id, hours_per_week) values(602, 7.91363728079221);
insert into thanatol(id, mmol_per_l) values(602, 16.373868526157622);
insert into participants(id) values(113);
insert into ages(id, birthday) values(113, '1967-03-25');
insert into exercise(id, hours_per_week) values(113, 7.6502131032148695);
insert into thanatol(id, mmol_per_l) values(113, 16.841175488252787);
insert into participants(id) values(918);
insert into ages(id, birthday) values(918, '1967-03-06');
insert into exercise(id, hours_per_week) values(918, 7.825020808404681);
insert into thanatol(id, mmol_per_l) values(918, 16.541959725091363);
insert into participants(id) values(770);
insert into ages(id, birthday) values(770, '1967-02-14');
insert into exercise(id, hours_per_week) values(770, 7.679280339327791);
insert into thanatol(id, mmol_per_l) values(770, 16.803670689351325);
insert into participants(id) values(442);
insert into ages(id, birthday) values(442, '1967-01-25');
insert into exercise(id, hours_per_week) values(442, 7.776974044404856);
insert into thanatol(id, mmol_per_l) values(442, 16.63924545736663);
insert into participants(id) values(69);
insert into ages(id, birthday) values(69, '1967-01-05');
insert into exercise(id, hours_per_week) values(69, 7.726819318353775);
insert into thanatol(id, mmol_per_l) values(69, 16.733721736360714);
insert into participants(id) values(146);
insert into ages(id, birthday) values(146, '1966-12-17');
insert into exercise(id, hours_per_week) values(146, 7.7550232635814575);
insert into thanatol(id, mmol_per_l) values(146, 16.690925248125723);
insert into participants(id) values(519);
insert into ages(id, birthday) values(519, '1966-11-27');
insert into exercise(id, hours_per_week) values(519, 7.8060389932345915);
insert into thanatol(id, mmol_per_l) values(519, 16.60809054676619);
insert into participants(id) values(835);
insert into ages(id, birthday) values(835, '1966-11-07');
insert into exercise(id, hours_per_week) values(835, 7.779592118726074);
insert into thanatol(id, mmol_per_l) values(835, 16.661064512047762);
insert into participants(id) values(763);
insert into ages(id, birthday) values(763, '1966-10-18');
insert into exercise(id, hours_per_week) values(763, 7.745007211574954);
insert into thanatol(id, mmol_per_l) values(763, 16.72835607080766);
insert into participants(id) values(573);
insert into ages(id, birthday) values(573, '1966-09-29');
insert into exercise(id, hours_per_week) values(573, 7.719882897713161);
insert into thanatol(id, mmol_per_l) values(573, 16.779087428833126);
insert into participants(id) values(133);
insert into ages(id, birthday) values(133, '1966-09-09');
insert into exercise(id, hours_per_week) values(133, 7.766734867519059);
insert into thanatol(id, mmol_per_l) values(133, 16.703447792124635);
insert into participants(id) values(20);
insert into ages(id, birthday) values(20, '1966-08-20');
insert into exercise(id, hours_per_week) values(20, 7.967509825848585);
insert into thanatol(id, mmol_per_l) values(20, 16.357314010987878);
insert into participants(id) values(388);
insert into ages(id, birthday) values(388, '1966-07-31');
insert into exercise(id, hours_per_week) values(388, 7.817575399175775);
insert into thanatol(id, mmol_per_l) values(388, 16.627310142035537);
insert into participants(id) values(24);
insert into ages(id, birthday) values(24, '1966-07-12');
insert into exercise(id, hours_per_week) values(24, 8.050591092572779);
insert into thanatol(id, mmol_per_l) values(24, 16.224173036456975);
insert into participants(id) values(30);
insert into ages(id, birthday) values(30, '1966-06-22');
insert into exercise(id, hours_per_week) values(30, 7.980749191763327);
insert into thanatol(id, mmol_per_l) values(30, 16.353437386936154);
insert into participants(id) values(851);
insert into ages(id, birthday) values(851, '1966-06-02');
insert into exercise(id, hours_per_week) values(851, 7.982154483717618);
insert into thanatol(id, mmol_per_l) values(851, 16.35742576255158);
insert into participants(id) values(88);
insert into ages(id, birthday) values(88, '1966-05-14');
insert into exercise(id, hours_per_week) values(88, 7.827182983956277);
insert into thanatol(id, mmol_per_l) values(88, 16.63669571542461);
insert into participants(id) values(879);
insert into ages(id, birthday) values(879, '1966-04-24');
insert into exercise(id, hours_per_week) values(879, 7.874732030285126);
insert into thanatol(id, mmol_per_l) values(879, 16.55952597044922);
insert into participants(id) values(291);
insert into ages(id, birthday) values(291, '1966-04-04');
insert into exercise(id, hours_per_week) values(291, 7.869087922700952);
insert into thanatol(id, mmol_per_l) values(291, 16.576004559349638);
insert into participants(id) values(532);
insert into ages(id, birthday) values(532, '1966-03-15');
insert into exercise(id, hours_per_week) values(532, 7.9009122098174815);
insert into thanatol(id, mmol_per_l) values(532, 16.526454032673808);
insert into participants(id) values(358);
insert into ages(id, birthday) values(358, '1966-02-24');
insert into exercise(id, hours_per_week) values(358, 8.07262868884046);
insert into thanatol(id, mmol_per_l) values(358, 16.230206111791954);
insert into participants(id) values(272);
insert into ages(id, birthday) values(272, '1966-02-04');
insert into exercise(id, hours_per_week) values(272, 7.876087884232093);
insert into thanatol(id, mmol_per_l) values(272, 16.583274173619348);
insert into participants(id) values(426);
insert into ages(id, birthday) values(426, '1966-01-15');
insert into exercise(id, hours_per_week) values(426, 7.795637099466689);
insert into thanatol(id, mmol_per_l) values(426, 16.731768080315575);
insert into participants(id) values(845);
insert into ages(id, birthday) values(845, '1965-12-26');
insert into exercise(id, hours_per_week) values(845, 7.801901010945174);
insert into thanatol(id, mmol_per_l) values(845, 16.727300609250452);
insert into participants(id) values(106);
insert into ages(id, birthday) values(106, '1965-12-07');
insert into exercise(id, hours_per_week) values(106, 7.840977768153646);
insert into thanatol(id, mmol_per_l) values(106, 16.664878719698397);
insert into participants(id) values(413);
insert into ages(id, birthday) values(413, '1965-11-17');
insert into exercise(id, hours_per_week) values(413, 7.863766273817892);
insert into thanatol(id, mmol_per_l) values(413, 16.63117800676404);
insert into participants(id) values(582);
insert into ages(id, birthday) values(582, '1965-10-28');
insert into exercise(id, hours_per_week) values(582, 7.76926607953447);
insert into thanatol(id, mmol_per_l) values(582, 16.804734149628928);
insert into participants(id) values(539);
insert into ages(id, birthday) values(539, '1965-10-09');
insert into exercise(id, hours_per_week) values(539, 7.9061377313128585);
insert into thanatol(id, mmol_per_l) values(539, 16.569349073657204);
insert into participants(id) values(991);
insert into ages(id, birthday) values(991, '1965-09-19');
insert into exercise(id, hours_per_week) values(991, 7.954113074265921);
insert into thanatol(id, mmol_per_l) values(991, 16.49100695242773);
insert into participants(id) values(610);
insert into ages(id, birthday) values(610, '1965-08-30');
insert into exercise(id, hours_per_week) values(610, 7.904562700175954);
insert into thanatol(id, mmol_per_l) values(610, 16.585162184414536);
insert into participants(id) values(342);
insert into ages(id, birthday) values(342, '1965-08-10');
insert into exercise(id, hours_per_week) values(342, 7.948580509518073);
insert into thanatol(id, mmol_per_l) values(342, 16.513759766819863);
insert into participants(id) values(838);
insert into ages(id, birthday) values(838, '1965-07-22');
insert into exercise(id, hours_per_week) values(838, 7.891406379186828);
insert into thanatol(id, mmol_per_l) values(838, 16.621487946910243);
insert into participants(id) values(867);
insert into ages(id, birthday) values(867, '1965-07-02');
insert into exercise(id, hours_per_week) values(867, 7.871383360402655);
insert into thanatol(id, mmol_per_l) values(867, 16.663482187567777);
insert into participants(id) values(988);
insert into ages(id, birthday) values(988, '1965-06-12');
insert into exercise(id, hours_per_week) values(988, 7.826395482188879);
insert into thanatol(id, mmol_per_l) values(988, 16.749747002607354);
insert into participants(id) values(638);
insert into ages(id, birthday) values(638, '1965-05-23');
insert into exercise(id, hours_per_week) values(638, 7.928340593019062);
insert into thanatol(id, mmol_per_l) values(638, 16.575577476824353);
insert into participants(id) values(752);
insert into ages(id, birthday) values(752, '1965-05-04');
insert into exercise(id, hours_per_week) values(752, 7.841436730097844);
insert into thanatol(id, mmol_per_l) values(752, 16.736207041167006);
insert into participants(id) values(721);
insert into ages(id, birthday) values(721, '1965-04-14');
insert into exercise(id, hours_per_week) values(721, 8.1051667766151);
insert into thanatol(id, mmol_per_l) values(721, 16.274832662062924);
insert into participants(id) values(248);
insert into ages(id, birthday) values(248, '1965-03-25');
insert into exercise(id, hours_per_week) values(248, 7.786861237555901);
insert into thanatol(id, mmol_per_l) values(248, 16.846193636566802);
insert into participants(id) values(179);
insert into ages(id, birthday) values(179, '1965-03-06');
insert into exercise(id, hours_per_week) values(179, 7.801257345878826);
insert into thanatol(id, mmol_per_l) values(179, 16.82722682096652);
insert into participants(id) values(769);
insert into ages(id, birthday) values(769, '1965-02-14');
insert into exercise(id, hours_per_week) values(769, 7.95888237079107);
insert into thanatol(id, mmol_per_l) values(769, 16.55381235075847);
insert into participants(id) values(989);
insert into ages(id, birthday) values(989, '1965-01-25');
insert into exercise(id, hours_per_week) values(989, 7.768354179000402);
insert into thanatol(id, mmol_per_l) values(989, 16.898869905688322);
insert into participants(id) values(78);
insert into ages(id, birthday) values(78, '1965-01-05');
insert into exercise(id, hours_per_week) values(78, 7.937415936903813);
insert into thanatol(id, mmol_per_l) values(78, 16.604927436339803);
insert into participants(id) values(970);
insert into ages(id, birthday) values(970, '1964-12-17');
insert into exercise(id, hours_per_week) values(970, 7.927982763149654);
insert into thanatol(id, mmol_per_l) values(970, 16.628195288177633);
insert into participants(id) values(284);
insert into ages(id, birthday) values(284, '1964-11-27');
insert into exercise(id, hours_per_week) values(284, 7.789217997393926);
insert into thanatol(id, mmol_per_l) values(284, 16.881576628574823);
insert into participants(id) values(722);
insert into ages(id, birthday) values(722, '1964-11-07');
insert into exercise(id, hours_per_week) values(722, 8.050694038276445);
insert into thanatol(id, mmol_per_l) values(722, 16.42278402407461);
insert into participants(id) values(840);
insert into ages(id, birthday) values(840, '1964-10-18');
insert into exercise(id, hours_per_week) values(840, 8.14113275761917);
insert into thanatol(id, mmol_per_l) values(840, 16.268166862920246);
insert into participants(id) values(976);
insert into ages(id, birthday) values(976, '1964-09-29');
insert into exercise(id, hours_per_week) values(976, 7.950426658956889);
insert into thanatol(id, mmol_per_l) values(976, 16.614209131879647);
insert into participants(id) values(254);
insert into ages(id, birthday) values(254, '1964-09-09');
insert into exercise(id, hours_per_week) values(254, 7.898512243641023);
insert into thanatol(id, mmol_per_l) values(254, 16.713199340983763);
insert into participants(id) values(56);
insert into ages(id, birthday) values(56, '1964-08-20');
insert into exercise(id, hours_per_week) values(56, 7.92048037497467);
insert into thanatol(id, mmol_per_l) values(56, 16.680556798742067);
insert into participants(id) values(911);
insert into ages(id, birthday) values(911, '1964-07-31');
insert into exercise(id, hours_per_week) values(911, 8.186937334639069);
insert into thanatol(id, mmol_per_l) values(911, 16.211881791030528);
insert into participants(id) values(896);
insert into ages(id, birthday) values(896, '1964-07-12');
insert into exercise(id, hours_per_week) values(896, 7.835759866159486);
insert into thanatol(id, mmol_per_l) values(896, 16.844705776997483);
insert into participants(id) values(720);
insert into ages(id, birthday) values(720, '1964-06-22');
insert into exercise(id, hours_per_week) values(720, 7.865294265366106);
insert into thanatol(id, mmol_per_l) values(720, 16.798557447016105);
insert into participants(id) values(64);
insert into ages(id, birthday) values(64, '1964-06-02');
insert into exercise(id, hours_per_week) values(64, 8.020194487434315);
insert into thanatol(id, mmol_per_l) values(64, 16.528539247569977);
insert into participants(id) values(958);
insert into ages(id, birthday) values(958, '1964-05-14');
insert into exercise(id, hours_per_week) values(958, 7.947896949180371);
insert into thanatol(id, mmol_per_l) values(958, 16.66410375022842);
insert into participants(id) values(375);
insert into ages(id, birthday) values(375, '1964-04-24');
insert into exercise(id, hours_per_week) values(375, 7.948092732313993);
insert into thanatol(id, mmol_per_l) values(375, 16.670238012894714);
insert into participants(id) values(325);
insert into ages(id, birthday) values(325, '1964-04-04');
insert into exercise(id, hours_per_week) values(325, 7.932942051763526);
insert into thanatol(id, mmol_per_l) values(325, 16.70380365913343);
insert into participants(id) values(544);
insert into ages(id, birthday) values(544, '1964-03-15');
insert into exercise(id, hours_per_week) values(544, 7.984859365255184);
insert into thanatol(id, mmol_per_l) values(544, 16.617460361296196);
insert into participants(id) values(230);
insert into ages(id, birthday) values(230, '1964-02-25');
insert into exercise(id, hours_per_week) values(230, 7.9702608621996935);
insert into thanatol(id, mmol_per_l) values(230, 16.650033734848027);
insert into participants(id) values(646);
insert into ages(id, birthday) values(646, '1964-02-05');
insert into exercise(id, hours_per_week) values(646, 8.139352268850633);
insert into thanatol(id, mmol_per_l) values(646, 16.353900476400508);
insert into participants(id) values(786);
insert into ages(id, birthday) values(786, '1964-01-16');
insert into exercise(id, hours_per_week) values(786, 7.9536616029238845);
insert into thanatol(id, mmol_per_l) values(786, 16.692687984387078);
insert into participants(id) values(746);
insert into ages(id, birthday) values(746, '1963-12-27');
insert into exercise(id, hours_per_week) values(746, 8.016557977220161);
insert into thanatol(id, mmol_per_l) values(746, 16.58652284435002);
insert into participants(id) values(831);
insert into ages(id, birthday) values(831, '1963-12-08');
insert into exercise(id, hours_per_week) values(831, 8.014535323036261);
insert into thanatol(id, mmol_per_l) values(831, 16.596583122387077);
insert into participants(id) values(90);
insert into ages(id, birthday) values(90, '1963-11-18');
insert into exercise(id, hours_per_week) values(90, 7.900994052364457);
insert into thanatol(id, mmol_per_l) values(90, 16.806527185372097);
insert into participants(id) values(149);
insert into ages(id, birthday) values(149, '1963-10-29');
insert into exercise(id, hours_per_week) values(149, 7.989074253014208);
insert into thanatol(id, mmol_per_l) values(149, 16.65511164826333);
insert into participants(id) values(306);
insert into ages(id, birthday) values(306, '1963-10-10');
insert into exercise(id, hours_per_week) values(306, 7.986192011393858);
insert into thanatol(id, mmol_per_l) values(306, 16.666737124890506);
insert into participants(id) values(797);
insert into ages(id, birthday) values(797, '1963-09-20');
insert into exercise(id, hours_per_week) values(797, 8.022403327093032);
insert into thanatol(id, mmol_per_l) values(797, 16.608215558688194);
insert into participants(id) values(594);
insert into ages(id, birthday) values(594, '1963-08-31');
insert into exercise(id, hours_per_week) values(594, 7.988228562328728);
insert into thanatol(id, mmol_per_l) values(594, 16.67599618621962);
insert into participants(id) values(540);
insert into ages(id, birthday) values(540, '1963-08-11');
insert into exercise(id, hours_per_week) values(540, 8.043118342809409);
insert into thanatol(id, mmol_per_l) values(540, 16.583879522750916);
insert into participants(id) values(287);
insert into ages(id, birthday) values(287, '1963-07-23');
insert into exercise(id, hours_per_week) values(287, 7.91076677226172);
insert into thanatol(id, mmol_per_l) values(287, 16.828070350836377);
insert into participants(id) values(417);
insert into ages(id, birthday) values(417, '1963-07-03');
insert into exercise(id, hours_per_week) values(417, 7.859452092477148);
insert into thanatol(id, mmol_per_l) values(417, 16.926804015419837);
insert into participants(id) values(631);
insert into ages(id, birthday) values(631, '1963-06-13');
insert into exercise(id, hours_per_week) values(631, 8.191624632665048);
insert into thanatol(id, mmol_per_l) values(631, 16.33613155812044);
insert into participants(id) values(81);
insert into ages(id, birthday) values(81, '1963-05-24');
insert into exercise(id, hours_per_week) values(81, 7.839244094903982);
insert into thanatol(id, mmol_per_l) values(81, 16.97624143177579);
insert into participants(id) values(473);
insert into ages(id, birthday) values(473, '1963-05-05');
insert into exercise(id, hours_per_week) values(473, 7.969013991933865);
insert into thanatol(id, mmol_per_l) values(473, 16.749305403393745);
insert into participants(id) values(395);
insert into ages(id, birthday) values(395, '1963-04-15');
insert into exercise(id, hours_per_week) values(395, 8.01386889309378);
insert into thanatol(id, mmol_per_l) values(395, 16.675035992431194);
insert into participants(id) values(405);
insert into ages(id, birthday) values(405, '1963-03-26');
insert into exercise(id, hours_per_week) values(405, 8.0371783088625);
insert into thanatol(id, mmol_per_l) values(405, 16.639501082288444);
insert into participants(id) values(630);
insert into ages(id, birthday) values(630, '1963-03-07');
insert into exercise(id, hours_per_week) values(630, 8.032471974516245);
insert into thanatol(id, mmol_per_l) values(630, 16.65440106397568);
insert into participants(id) values(793);
insert into ages(id, birthday) values(793, '1963-02-15');
insert into exercise(id, hours_per_week) values(793, 8.071191628315141);
insert into thanatol(id, mmol_per_l) values(793, 16.591050267954405);
insert into participants(id) values(89);
insert into ages(id, birthday) values(89, '1963-01-26');
insert into exercise(id, hours_per_week) values(89, 7.811432381378836);
insert into thanatol(id, mmol_per_l) values(89, 17.065737422728166);
insert into participants(id) values(152);
insert into ages(id, birthday) values(152, '1963-01-06');
insert into exercise(id, hours_per_week) values(152, 8.167297571191684);
insert into thanatol(id, mmol_per_l) values(152, 16.430522411182878);
insert into participants(id) values(523);
insert into ages(id, birthday) values(523, '1962-12-18');
insert into exercise(id, hours_per_week) values(523, 8.16518579273365);
insert into thanatol(id, mmol_per_l) values(523, 16.44066402614448);
insert into participants(id) values(591);
insert into ages(id, birthday) values(591, '1962-11-28');
insert into exercise(id, hours_per_week) values(591, 7.977801379892455);
insert into thanatol(id, mmol_per_l) values(591, 16.785200644615724);
insert into participants(id) values(377);
insert into ages(id, birthday) values(377, '1962-11-08');
insert into exercise(id, hours_per_week) values(377, 8.117358731813365);
insert into thanatol(id, mmol_per_l) values(377, 16.539684797894974);
insert into participants(id) values(670);
insert into ages(id, birthday) values(670, '1962-10-19');
insert into exercise(id, hours_per_week) values(670, 8.004149080774807);
insert into thanatol(id, mmol_per_l) values(670, 16.75053659085687);
insert into participants(id) values(236);
insert into ages(id, birthday) values(236, '1962-09-30');
insert into exercise(id, hours_per_week) values(236, 8.047218070447464);
insert into thanatol(id, mmol_per_l) values(236, 16.67915808119918);
insert into participants(id) values(49);
insert into ages(id, birthday) values(49, '1962-09-10');
insert into exercise(id, hours_per_week) values(49, 8.009633935437993);
insert into thanatol(id, mmol_per_l) values(49, 16.753511907747647);
insert into participants(id) values(98);
insert into ages(id, birthday) values(98, '1962-08-21');
insert into exercise(id, hours_per_week) values(98, 8.106238137156076);
insert into thanatol(id, mmol_per_l) values(98, 16.58525986904085);
insert into participants(id) values(40);
insert into ages(id, birthday) values(40, '1962-08-01');
insert into exercise(id, hours_per_week) values(40, 8.061670143962393);
insert into thanatol(id, mmol_per_l) values(40, 16.67225896041645);
insert into participants(id) values(44);
insert into ages(id, birthday) values(44, '1962-07-13');
insert into exercise(id, hours_per_week) values(44, 8.123753440980922);
insert into thanatol(id, mmol_per_l) values(44, 16.56630998897074);
insert into participants(id) values(143);
insert into ages(id, birthday) values(143, '1962-06-23');
insert into exercise(id, hours_per_week) values(143, 7.912355063508334);
insert into thanatol(id, mmol_per_l) values(143, 16.95539270548626);
insert into participants(id) values(441);
insert into ages(id, birthday) values(441, '1962-06-03');
insert into exercise(id, hours_per_week) values(441, 7.848403010603043);
insert into thanatol(id, mmol_per_l) values(441, 17.077726315777316);
insert into participants(id) values(841);
insert into ages(id, birthday) values(841, '1962-05-15');
insert into exercise(id, hours_per_week) values(841, 8.21716311270619);
insert into thanatol(id, mmol_per_l) values(841, 16.41615458583588);
insert into participants(id) values(651);
insert into ages(id, birthday) values(651, '1962-04-25');
insert into exercise(id, hours_per_week) values(651, 8.052892008375476);
insert into thanatol(id, mmol_per_l) values(651, 16.720194500340604);
insert into participants(id) values(111);
insert into ages(id, birthday) values(111, '1962-04-05');
insert into exercise(id, hours_per_week) values(111, 8.213727970023207);
insert into thanatol(id, mmol_per_l) values(111, 16.434977107018153);
insert into participants(id) values(551);
insert into ages(id, birthday) values(551, '1962-03-16');
insert into exercise(id, hours_per_week) values(551, 8.180273158238322);
insert into thanatol(id, mmol_per_l) values(551, 16.501960116832574);
insert into participants(id) values(87);
insert into ages(id, birthday) values(87, '1962-02-25');
insert into exercise(id, hours_per_week) values(87, 8.1127108112178);
insert into thanatol(id, mmol_per_l) values(87, 16.630880976617213);
insert into participants(id) values(214);
insert into ages(id, birthday) values(214, '1962-02-05');
insert into exercise(id, hours_per_week) values(214, 8.130728393216835);
insert into thanatol(id, mmol_per_l) values(214, 16.604543392452406);
insert into participants(id) values(356);
insert into ages(id, birthday) values(356, '1962-01-16');
insert into exercise(id, hours_per_week) values(356, 8.036165403408964);
insert into thanatol(id, mmol_per_l) values(356, 16.78262534424953);
insert into participants(id) values(482);
insert into ages(id, birthday) values(482, '1961-12-27');
insert into exercise(id, hours_per_week) values(482, 8.172319641621826);
insert into thanatol(id, mmol_per_l) values(482, 16.541699468046716);
insert into participants(id) values(16);
insert into ages(id, birthday) values(16, '1961-12-08');
insert into exercise(id, hours_per_week) values(16, 8.178885842155504);
insert into thanatol(id, mmol_per_l) values(16, 16.53609434014442);
insert into participants(id) values(687);
insert into ages(id, birthday) values(687, '1961-11-18');
insert into exercise(id, hours_per_week) values(687, 7.936226832260574);
insert into thanatol(id, mmol_per_l) values(687, 16.98358883870711);
insert into participants(id) values(164);
insert into ages(id, birthday) values(164, '1961-10-29');
insert into exercise(id, hours_per_week) values(164, 7.997050243433969);
insert into thanatol(id, mmol_per_l) values(164, 16.879457576555968);
insert into participants(id) values(892);
insert into ages(id, birthday) values(892, '1961-10-10');
insert into exercise(id, hours_per_week) values(892, 8.103023825704607);
insert into thanatol(id, mmol_per_l) values(892, 16.693092866312593);
insert into participants(id) values(954);
insert into ages(id, birthday) values(954, '1961-09-20');
insert into exercise(id, hours_per_week) values(954, 8.07251192301545);
insert into thanatol(id, mmol_per_l) values(954, 16.755005518347712);
insert into participants(id) values(869);
insert into ages(id, birthday) values(869, '1961-08-31');
insert into exercise(id, hours_per_week) values(869, 7.883463136682505);
insert into thanatol(id, mmol_per_l) values(869, 17.10563237351556);
insert into participants(id) values(12);
insert into ages(id, birthday) values(12, '1961-08-11');
insert into exercise(id, hours_per_week) values(12, 7.864251764241484);
insert into thanatol(id, mmol_per_l) values(12, 17.147155608749625);
insert into participants(id) values(771);
insert into ages(id, birthday) values(771, '1961-07-23');
insert into exercise(id, hours_per_week) values(771, 8.242419335835395);
insert into thanatol(id, mmol_per_l) values(771, 16.46458598555648);
insert into participants(id) values(963);
insert into ages(id, birthday) values(963, '1961-07-03');
insert into exercise(id, hours_per_week) values(963, 8.24922590802034);
insert into thanatol(id, mmol_per_l) values(963, 16.458457450916125);
insert into participants(id) values(228);
insert into ages(id, birthday) values(228, '1961-06-13');
insert into exercise(id, hours_per_week) values(228, 7.956828158078371);
insert into thanatol(id, mmol_per_l) values(228, 16.99795723697461);
insert into participants(id) values(616);
insert into ages(id, birthday) values(616, '1961-05-24');
insert into exercise(id, hours_per_week) values(616, 8.061882455312983);
insert into thanatol(id, mmol_per_l) values(616, 16.81278200719929);
insert into participants(id) values(151);
insert into ages(id, birthday) values(151, '1961-05-05');
insert into exercise(id, hours_per_week) values(151, 7.896499645770841);
insert into thanatol(id, mmol_per_l) values(151, 17.121013696668104);
insert into participants(id) values(756);
insert into ages(id, birthday) values(756, '1961-04-15');
insert into exercise(id, hours_per_week) values(756, 8.10176074128601);
insert into thanatol(id, mmol_per_l) values(756, 16.752785389480685);
insert into participants(id) values(712);
insert into ages(id, birthday) values(712, '1961-03-26');
insert into exercise(id, hours_per_week) values(712, 8.127406966249515);
insert into thanatol(id, mmol_per_l) values(712, 16.712322041256098);
insert into participants(id) values(642);
insert into ages(id, birthday) values(642, '1961-03-07');
insert into exercise(id, hours_per_week) values(642, 8.228033690355682);
insert into thanatol(id, mmol_per_l) values(642, 16.534825857335463);
insert into participants(id) values(18);
insert into ages(id, birthday) values(18, '1961-02-15');
insert into exercise(id, hours_per_week) values(18, 8.072613849885212);
insert into thanatol(id, mmol_per_l) values(18, 16.82519151916734);
insert into participants(id) values(917);
insert into ages(id, birthday) values(917, '1961-01-26');
insert into exercise(id, hours_per_week) values(917, 8.297082225010994);
insert into thanatol(id, mmol_per_l) values(917, 16.421149806483758);
insert into participants(id) values(509);
insert into ages(id, birthday) values(509, '1961-01-06');
insert into exercise(id, hours_per_week) values(509, 8.087454750747979);
insert into thanatol(id, mmol_per_l) values(509, 16.810839526199373);
insert into participants(id) values(271);
insert into ages(id, birthday) values(271, '1960-12-18');
insert into exercise(id, hours_per_week) values(271, 8.021009147091396);
insert into thanatol(id, mmol_per_l) values(271, 16.938814381573373);
insert into participants(id) values(686);
insert into ages(id, birthday) values(686, '1960-11-28');
insert into exercise(id, hours_per_week) values(686, 8.065707991625652);
insert into thanatol(id, mmol_per_l) values(686, 16.863422884210216);
insert into participants(id) values(979);
insert into ages(id, birthday) values(979, '1960-11-08');
insert into exercise(id, hours_per_week) values(979, 8.045374159020216);
insert into thanatol(id, mmol_per_l) values(979, 16.907061916512397);
insert into participants(id) values(748);
insert into ages(id, birthday) values(748, '1960-10-19');
insert into exercise(id, hours_per_week) values(748, 8.100093043485122);
insert into thanatol(id, mmol_per_l) values(748, 16.813234952614593);
insert into participants(id) values(95);
insert into ages(id, birthday) values(95, '1960-09-30');
insert into exercise(id, hours_per_week) values(95, 7.893529442435359);
insert into thanatol(id, mmol_per_l) values(95, 17.19817496082484);
insert into participants(id) values(577);
insert into ages(id, birthday) values(577, '1960-09-10');
insert into exercise(id, hours_per_week) values(577, 8.167042417854118);
insert into thanatol(id, mmol_per_l) values(577, 16.703249337089385);
insert into participants(id) values(884);
insert into ages(id, birthday) values(884, '1960-08-21');
insert into exercise(id, hours_per_week) values(884, 8.180485688724975);
insert into thanatol(id, mmol_per_l) values(884, 16.68492543684117);
insert into participants(id) values(543);
insert into ages(id, birthday) values(543, '1960-08-01');
insert into exercise(id, hours_per_week) values(543, 8.348200886590847);
insert into thanatol(id, mmol_per_l) values(543, 16.383532581822507);
insert into participants(id) values(833);
insert into ages(id, birthday) values(833, '1960-07-13');
insert into exercise(id, hours_per_week) values(833, 8.098847719283889);
insert into thanatol(id, mmol_per_l) values(833, 16.847412244041795);
insert into participants(id) values(662);
insert into ages(id, birthday) values(662, '1960-06-23');
insert into exercise(id, hours_per_week) values(662, 8.181186929630194);
insert into thanatol(id, mmol_per_l) values(662, 16.702605188204885);
insert into participants(id) values(137);
insert into ages(id, birthday) values(137, '1960-06-03');
insert into exercise(id, hours_per_week) values(137, 8.262020154592719);
insert into thanatol(id, mmol_per_l) values(137, 16.560449929166257);
insert into participants(id) values(732);
insert into ages(id, birthday) values(732, '1960-05-15');
insert into exercise(id, hours_per_week) values(732, 8.12659682980545);
insert into thanatol(id, mmol_per_l) values(732, 16.81555998748645);
insert into participants(id) values(698);
insert into ages(id, birthday) values(698, '1960-04-25');
insert into exercise(id, hours_per_week) values(698, 8.119397037661548);
insert into thanatol(id, mmol_per_l) values(698, 16.835154711850723);
insert into participants(id) values(676);
insert into ages(id, birthday) values(676, '1960-04-05');
insert into exercise(id, hours_per_week) values(676, 8.171410186630114);
insert into thanatol(id, mmol_per_l) values(676, 16.745871645991542);
insert into participants(id) values(650);
insert into ages(id, birthday) values(650, '1960-03-16');
insert into exercise(id, hours_per_week) values(650, 8.180594476730038);
insert into thanatol(id, mmol_per_l) values(650, 16.73530484794288);
insert into participants(id) values(967);
insert into ages(id, birthday) values(967, '1960-02-26');
insert into exercise(id, hours_per_week) values(967, 8.243437419542506);
insert into thanatol(id, mmol_per_l) values(967, 16.62597678899328);
insert into participants(id) values(606);
insert into ages(id, birthday) values(606, '1960-02-06');
insert into exercise(id, hours_per_week) values(606, 8.073135239972604);
insert into thanatol(id, mmol_per_l) values(606, 16.945782451259703);
insert into participants(id) values(28);
insert into ages(id, birthday) values(28, '1960-01-17');
insert into exercise(id, hours_per_week) values(28, 8.27907045604517);
insert into thanatol(id, mmol_per_l) values(28, 16.572908851221833);
insert into participants(id) values(390);
insert into ages(id, birthday) values(390, '1959-12-28');
insert into exercise(id, hours_per_week) values(390, 8.197359327986845);
insert into thanatol(id, mmol_per_l) values(390, 16.729706856645706);
insert into participants(id) values(156);
insert into ages(id, birthday) values(156, '1959-12-09');
insert into exercise(id, hours_per_week) values(156, 8.25535326783669);
insert into thanatol(id, mmol_per_l) values(156, 16.629129590986402);
insert into participants(id) values(353);
insert into ages(id, birthday) values(353, '1959-11-19');
insert into exercise(id, hours_per_week) values(353, 8.108187736382288);
insert into thanatol(id, mmol_per_l) values(353, 16.90674142227028);
insert into participants(id) values(386);
insert into ages(id, birthday) values(386, '1959-10-30');
insert into exercise(id, hours_per_week) values(386, 8.18795701624867);
insert into thanatol(id, mmol_per_l) values(386, 16.76598136755863);
insert into participants(id) values(365);
insert into ages(id, birthday) values(365, '1959-10-11');
insert into exercise(id, hours_per_week) values(365, 8.228855648142625);
insert into thanatol(id, mmol_per_l) values(365, 16.696833535724476);
insert into participants(id) values(632);
insert into ages(id, birthday) values(632, '1959-09-21');
insert into exercise(id, hours_per_week) values(632, 8.22847437152591);
insert into thanatol(id, mmol_per_l) values(632, 16.703826148497658);
insert into participants(id) values(500);
insert into ages(id, birthday) values(500, '1959-09-01');
insert into exercise(id, hours_per_week) values(500, 8.332347203445691);
insert into thanatol(id, mmol_per_l) values(500, 16.518307438146966);
insert into participants(id) values(565);
insert into ages(id, birthday) values(565, '1959-08-12');
insert into exercise(id, hours_per_week) values(565, 8.138616823424423);
insert into thanatol(id, mmol_per_l) values(565, 16.882394467184632);
insert into participants(id) values(937);
insert into ages(id, birthday) values(937, '1959-07-24');
insert into exercise(id, hours_per_week) values(937, 8.178451878010776);
insert into thanatol(id, mmol_per_l) values(937, 16.81513267238024);
insert into participants(id) values(968);
insert into ages(id, birthday) values(968, '1959-07-04');
insert into exercise(id, hours_per_week) values(968, 8.262305288563617);
insert into thanatol(id, mmol_per_l) values(968, 16.66644103411483);
insert into participants(id) values(307);
insert into ages(id, birthday) values(307, '1959-06-14');
insert into exercise(id, hours_per_week) values(307, 8.139304703572003);
insert into thanatol(id, mmol_per_l) values(307, 16.90017696171074);
insert into participants(id) values(703);
insert into ages(id, birthday) values(703, '1959-05-25');
insert into exercise(id, hours_per_week) values(703, 8.209419973149677);
insert into thanatol(id, mmol_per_l) values(703, 16.776812068206954);
insert into participants(id) values(57);
insert into ages(id, birthday) values(57, '1959-05-06');
insert into exercise(id, hours_per_week) values(57, 8.276657153581294);
insert into thanatol(id, mmol_per_l) values(57, 16.65867629344534);
insert into participants(id) values(734);
insert into ages(id, birthday) values(734, '1959-04-16');
insert into exercise(id, hours_per_week) values(734, 8.215255314975535);
insert into thanatol(id, mmol_per_l) values(734, 16.778613016845295);
insert into participants(id) values(739);
insert into ages(id, birthday) values(739, '1959-03-27');
insert into exercise(id, hours_per_week) values(739, 8.082516305662226);
insert into thanatol(id, mmol_per_l) values(739, 17.0307603404395);
insert into participants(id) values(42);
insert into ages(id, birthday) values(42, '1959-03-08');
insert into exercise(id, hours_per_week) values(42, 8.204810307579317);
insert into thanatol(id, mmol_per_l) values(42, 16.810562276443388);
insert into participants(id) values(169);
insert into ages(id, birthday) values(169, '1959-02-16');
insert into exercise(id, hours_per_week) values(169, 8.238322933872423);
insert into thanatol(id, mmol_per_l) values(169, 16.754751707973764);
insert into participants(id) values(882);
insert into ages(id, birthday) values(882, '1959-01-27');
insert into exercise(id, hours_per_week) values(882, 8.162241323593332);
insert into thanatol(id, mmol_per_l) values(882, 16.90210512261598);
insert into participants(id) values(902);
insert into ages(id, birthday) values(902, '1959-01-07');
insert into exercise(id, hours_per_week) values(902, 8.334112354182784);
insert into thanatol(id, mmol_per_l) values(902, 16.589636072600413);
insert into participants(id) values(283);
insert into ages(id, birthday) values(283, '1958-12-19');
insert into exercise(id, hours_per_week) values(283, 8.242639595546526);
insert into thanatol(id, mmol_per_l) values(283, 16.765588457066947);
insert into participants(id) values(518);
insert into ages(id, birthday) values(518, '1958-11-29');
insert into exercise(id, hours_per_week) values(518, 8.19054606308237);
insert into thanatol(id, mmol_per_l) values(518, 16.868568586066633);
insert into participants(id) values(491);
insert into ages(id, birthday) values(491, '1958-11-09');
insert into exercise(id, hours_per_week) values(491, 8.421220028818167);
insert into thanatol(id, mmol_per_l) values(491, 16.446525154207006);
insert into participants(id) values(200);
insert into ages(id, birthday) values(200, '1958-10-20');
insert into exercise(id, hours_per_week) values(200, 8.358749136325017);
insert into thanatol(id, mmol_per_l) values(200, 16.568731430689507);
insert into participants(id) values(490);
insert into ages(id, birthday) values(490, '1958-10-01');
insert into exercise(id, hours_per_week) values(490, 8.188695527487056);
insert into thanatol(id, mmol_per_l) values(490, 16.890953933242976);
insert into participants(id) values(22);
insert into ages(id, birthday) values(22, '1958-09-11');
insert into exercise(id, hours_per_week) values(22, 8.13154457655854);
insert into thanatol(id, mmol_per_l) values(22, 17.003518480258933);
insert into participants(id) values(389);
insert into ages(id, birthday) values(389, '1958-08-22');
insert into exercise(id, hours_per_week) values(389, 8.171563317209536);
insert into thanatol(id, mmol_per_l) values(389, 16.935449348905447);
insert into participants(id) values(680);
insert into ages(id, birthday) values(680, '1958-08-02');
insert into exercise(id, hours_per_week) values(680, 8.4885368503345);
insert into thanatol(id, mmol_per_l) values(680, 16.352060360223238);
insert into participants(id) values(898);
insert into ages(id, birthday) values(898, '1958-07-14');
insert into exercise(id, hours_per_week) values(898, 8.199526630942822);
insert into thanatol(id, mmol_per_l) values(898, 16.896062481931747);
insert into participants(id) values(415);
insert into ages(id, birthday) values(415, '1958-06-24');
insert into exercise(id, hours_per_week) values(415, 8.21296547106088);
insert into thanatol(id, mmol_per_l) values(415, 16.877350542644873);
insert into participants(id) values(188);
insert into ages(id, birthday) values(188, '1958-06-04');
insert into exercise(id, hours_per_week) values(188, 8.159561021697721);
insert into thanatol(id, mmol_per_l) values(188, 16.983118776575367);
insert into participants(id) values(855);
insert into ages(id, birthday) values(855, '1958-05-16');
insert into exercise(id, hours_per_week) values(855, 8.306891199835292);
insert into thanatol(id, mmol_per_l) values(855, 16.714943802252836);
insert into participants(id) values(130);
insert into ages(id, birthday) values(130, '1958-04-26');
insert into exercise(id, hours_per_week) values(130, 8.388510570690991);
insert into thanatol(id, mmol_per_l) values(130, 16.569044930089643);
insert into participants(id) values(470);
insert into ages(id, birthday) values(470, '1958-04-06');
insert into exercise(id, hours_per_week) values(470, 8.269634872634384);
insert into thanatol(id, mmol_per_l) values(470, 16.796882373011393);
insert into participants(id) values(45);
insert into ages(id, birthday) values(45, '1958-03-17');
insert into exercise(id, hours_per_week) values(45, 8.425410393740021);
insert into thanatol(id, mmol_per_l) values(45, 16.51257038832556);
insert into participants(id) values(598);
insert into ages(id, birthday) values(598, '1958-02-26');
insert into exercise(id, hours_per_week) values(598, 8.339816578432451);
insert into thanatol(id, mmol_per_l) values(598, 16.67844265499458);
insert into participants(id) values(357);
insert into ages(id, birthday) values(357, '1958-02-06');
insert into exercise(id, hours_per_week) values(357, 8.165241641247981);
insert into thanatol(id, mmol_per_l) values(357, 17.010536568685044);
insert into participants(id) values(661);
insert into ages(id, birthday) values(661, '1958-01-17');
insert into exercise(id, hours_per_week) values(661, 8.163070886110551);
insert into thanatol(id, mmol_per_l) values(661, 17.020923302022283);
insert into participants(id) values(634);
insert into ages(id, birthday) values(634, '1957-12-28');
insert into exercise(id, hours_per_week) values(634, 8.239529919610558);
insert into thanatol(id, mmol_per_l) values(634, 16.884424106932926);
insert into participants(id) values(626);
insert into ages(id, birthday) values(626, '1957-12-09');
insert into exercise(id, hours_per_week) values(626, 8.348184104332349);
insert into thanatol(id, mmol_per_l) values(626, 16.68765223869134);
insert into participants(id) values(484);
insert into ages(id, birthday) values(484, '1957-11-19');
insert into exercise(id, hours_per_week) values(484, 8.321674263930703);
insert into thanatol(id, mmol_per_l) values(484, 16.743418229361986);
insert into participants(id) values(4);
insert into ages(id, birthday) values(4, '1957-10-30');
insert into exercise(id, hours_per_week) values(4, 8.319215033532572);
insert into thanatol(id, mmol_per_l) values(4, 16.754241784005764);
insert into participants(id) values(522);
insert into ages(id, birthday) values(522, '1957-10-11');
insert into exercise(id, hours_per_week) values(522, 8.179203178396586);
insert into thanatol(id, mmol_per_l) values(522, 17.02241431612413);
insert into participants(id) values(222);
insert into ages(id, birthday) values(222, '1957-09-21');
insert into exercise(id, hours_per_week) values(222, 8.290590362257355);
insert into thanatol(id, mmol_per_l) values(222, 16.820267288800657);
insert into participants(id) values(382);
insert into ages(id, birthday) values(382, '1957-09-01');
insert into exercise(id, hours_per_week) values(382, 8.193511558356214);
insert into thanatol(id, mmol_per_l) values(382, 17.008271718617394);
insert into participants(id) values(789);
insert into ages(id, birthday) values(789, '1957-08-12');
insert into exercise(id, hours_per_week) values(789, 8.435262669765661);
insert into thanatol(id, mmol_per_l) values(789, 16.561791810411883);
insert into participants(id) values(173);
insert into ages(id, birthday) values(173, '1957-07-24');
insert into exercise(id, hours_per_week) values(173, 8.271523345952186);
insert into thanatol(id, mmol_per_l) values(173, 16.874730311491597);
insert into participants(id) values(842);
insert into ages(id, birthday) values(842, '1957-07-04');
insert into exercise(id, hours_per_week) values(842, 8.494940755426398);
insert into thanatol(id, mmol_per_l) values(842, 16.462224173245946);
insert into participants(id) values(153);
insert into ages(id, birthday) values(153, '1957-06-14');
insert into exercise(id, hours_per_week) values(153, 8.382711752045774);
insert into thanatol(id, mmol_per_l) values(153, 16.678763956511546);
insert into participants(id) values(83);
insert into ages(id, birthday) values(83, '1957-05-25');
insert into exercise(id, hours_per_week) values(83, 8.261345688660647);
insert into thanatol(id, mmol_per_l) values(83, 16.91259860052079);
insert into participants(id) values(60);
insert into ages(id, birthday) values(60, '1957-05-06');
insert into exercise(id, hours_per_week) values(60, 8.416682490524147);
insert into thanatol(id, mmol_per_l) values(60, 16.627383434769364);
insert into participants(id) values(590);
insert into ages(id, birthday) values(590, '1957-04-16');
insert into exercise(id, hours_per_week) values(590, 8.385015326601792);
insert into thanatol(id, mmol_per_l) values(590, 16.69298551549321);
insert into participants(id) values(758);
insert into ages(id, birthday) values(758, '1957-03-27');
insert into exercise(id, hours_per_week) values(758, 8.300540025832147);
insert into thanatol(id, mmol_per_l) values(758, 16.857796729869797);
insert into participants(id) values(118);
insert into ages(id, birthday) values(118, '1957-03-08');
insert into exercise(id, hours_per_week) values(118, 8.48789100446134);
insert into thanatol(id, mmol_per_l) values(118, 16.51209077486247);
insert into participants(id) values(23);
insert into ages(id, birthday) values(23, '1957-02-16');
insert into exercise(id, hours_per_week) values(23, 8.320475418289496);
insert into thanatol(id, mmol_per_l) values(23, 16.83281160003914);
insert into participants(id) values(791);
insert into ages(id, birthday) values(791, '1957-01-27');
insert into exercise(id, hours_per_week) values(791, 8.467104476218251);
insert into thanatol(id, mmol_per_l) values(791, 16.563385446059204);
insert into participants(id) values(255);
insert into ages(id, birthday) values(255, '1957-01-07');
insert into exercise(id, hours_per_week) values(255, 8.427549972889944);
insert into thanatol(id, mmol_per_l) values(255, 16.6438955953852);
insert into participants(id) values(0);
insert into ages(id, birthday) values(0, '1956-12-19');
insert into exercise(id, hours_per_week) values(0, 8.318364182030093);
insert into thanatol(id, mmol_per_l) values(0, 16.85545895237072);
insert into participants(id) values(320);
insert into ages(id, birthday) values(320, '1956-11-29');
insert into exercise(id, hours_per_week) values(320, 8.46022764020653);
insert into thanatol(id, mmol_per_l) values(320, 16.594697448099343);
insert into participants(id) values(777);
insert into ages(id, birthday) values(777, '1956-11-09');
insert into exercise(id, hours_per_week) values(777, 8.305136554319272);
insert into thanatol(id, mmol_per_l) values(777, 16.892815881787016);
insert into participants(id) values(257);
insert into ages(id, birthday) values(257, '1956-10-20');
insert into exercise(id, hours_per_week) values(257, 8.251175912802745);
insert into thanatol(id, mmol_per_l) values(257, 17.000681041447184);
insert into participants(id) values(432);
insert into ages(id, birthday) values(432, '1956-10-01');
insert into exercise(id, hours_per_week) values(432, 8.251500926294685);
insert into thanatol(id, mmol_per_l) values(432, 17.006341999948724);
insert into participants(id) values(695);
insert into ages(id, birthday) values(695, '1956-09-11');
insert into exercise(id, hours_per_week) values(695, 8.410850498442397);
insert into thanatol(id, mmol_per_l) values(695, 16.71227498332185);
insert into participants(id) values(494);
insert into ages(id, birthday) values(494, '1956-08-22');
insert into exercise(id, hours_per_week) values(494, 8.455808931511147);
insert into thanatol(id, mmol_per_l) values(494, 16.633668982184734);
insert into participants(id) values(938);
insert into ages(id, birthday) values(938, '1956-08-02');
insert into exercise(id, hours_per_week) values(938, 8.264628501694373);
insert into thanatol(id, mmol_per_l) values(938, 17.00040032568442);
insert into participants(id) values(323);
insert into ages(id, birthday) values(323, '1956-07-14');
insert into exercise(id, hours_per_week) values(323, 8.260552655422527);
insert into thanatol(id, mmol_per_l) values(323, 17.014354893030934);
insert into participants(id) values(827);
insert into ages(id, birthday) values(827, '1956-06-24');
insert into exercise(id, hours_per_week) values(827, 8.205482031954418);
insert into thanatol(id, mmol_per_l) values(827, 17.12457121319739);
insert into participants(id) values(159);
insert into ages(id, birthday) values(159, '1956-06-04');
insert into exercise(id, hours_per_week) values(159, 8.50228401302597);
insert into thanatol(id, mmol_per_l) values(159, 16.570436218492354);
insert into participants(id) values(274);
insert into ages(id, birthday) values(274, '1956-05-16');
insert into exercise(id, hours_per_week) values(274, 8.281610202701597);
insert into thanatol(id, mmol_per_l) values(274, 16.99337847270375);
insert into participants(id) values(533);
insert into ages(id, birthday) values(533, '1956-04-26');
insert into exercise(id, hours_per_week) values(533, 8.381371768014573);
insert into thanatol(id, mmol_per_l) values(533, 16.811115943236707);
insert into participants(id) values(66);
insert into ages(id, birthday) values(66, '1956-04-06');
insert into exercise(id, hours_per_week) values(66, 8.304760234687272);
insert into thanatol(id, mmol_per_l) values(66, 16.96212119342514);
insert into participants(id) values(481);
insert into ages(id, birthday) values(481, '1956-03-17');
insert into exercise(id, hours_per_week) values(481, 8.390099582394667);
insert into thanatol(id, mmol_per_l) values(481, 16.806976936427567);
insert into participants(id) values(229);
insert into ages(id, birthday) values(229, '1956-02-27');
insert into exercise(id, hours_per_week) values(229, 8.313126085233794);
insert into thanatol(id, mmol_per_l) values(229, 16.95876734856699);
insert into participants(id) values(266);
insert into ages(id, birthday) values(266, '1956-02-07');
insert into exercise(id, hours_per_week) values(266, 8.534759530365653);
insert into thanatol(id, mmol_per_l) values(266, 16.54557128875127);
insert into participants(id) values(679);
insert into ages(id, birthday) values(679, '1956-01-18');
insert into exercise(id, hours_per_week) values(679, 8.441198767914464);
insert into thanatol(id, mmol_per_l) values(679, 16.728769961838534);
insert into participants(id) values(359);
insert into ages(id, birthday) values(359, '1955-12-29');
insert into exercise(id, hours_per_week) values(359, 8.4188642951122);
insert into thanatol(id, mmol_per_l) values(359, 16.777208738407204);
insert into participants(id) values(697);
insert into ages(id, birthday) values(697, '1955-12-10');
insert into exercise(id, hours_per_week) values(697, 8.395869191771304);
insert into thanatol(id, mmol_per_l) values(697, 16.826930135064313);
insert into participants(id) values(875);
insert into ages(id, birthday) values(875, '1955-11-20');
insert into exercise(id, hours_per_week) values(875, 8.436830458048885);
insert into thanatol(id, mmol_per_l) values(875, 16.755472592131756);
insert into participants(id) values(817);
insert into ages(id, birthday) values(817, '1955-10-31');
insert into exercise(id, hours_per_week) values(817, 8.37480662301872);
insert into thanatol(id, mmol_per_l) values(817, 16.879208323679098);
insert into participants(id) values(448);
insert into ages(id, birthday) values(448, '1955-10-12');
insert into exercise(id, hours_per_week) values(448, 8.373780835057074);
insert into thanatol(id, mmol_per_l) values(448, 16.887341228584035);
insert into participants(id) values(910);
insert into ages(id, birthday) values(910, '1955-09-22');
insert into exercise(id, hours_per_week) values(910, 8.511000368527268);
insert into thanatol(id, mmol_per_l) values(910, 16.633183084577997);
insert into participants(id) values(47);
insert into ages(id, birthday) values(47, '1955-09-02');
insert into exercise(id, hours_per_week) values(47, 8.32310843417168);
insert into thanatol(id, mmol_per_l) values(47, 16.995893266138555);
insert into participants(id) values(126);
insert into ages(id, birthday) values(126, '1955-08-13');
insert into exercise(id, hours_per_week) values(126, 8.72900754038692);
insert into thanatol(id, mmol_per_l) values(126, 16.231441127178876);
insert into participants(id) values(502);
insert into ages(id, birthday) values(502, '1955-07-25');
insert into exercise(id, hours_per_week) values(502, 8.434557447520689);
insert into thanatol(id, mmol_per_l) values(502, 16.796655634234256);
insert into participants(id) values(177);
insert into ages(id, birthday) values(177, '1955-07-05');
insert into exercise(id, hours_per_week) values(177, 8.317372734680339);
insert into thanatol(id, mmol_per_l) values(177, 17.025461505054487);
insert into participants(id) values(354);
insert into ages(id, birthday) values(354, '1955-06-15');
insert into exercise(id, hours_per_week) values(354, 8.317066959725897);
insert into thanatol(id, mmol_per_l) values(354, 17.032270022111742);
insert into participants(id) values(65);
insert into ages(id, birthday) values(65, '1955-05-26');
insert into exercise(id, hours_per_week) values(65, 8.407347980007753);
insert into thanatol(id, mmol_per_l) values(65, 16.866831145968273);
insert into participants(id) values(187);
insert into ages(id, birthday) values(187, '1955-05-07');
insert into exercise(id, hours_per_week) values(187, 8.374921592382307);
insert into thanatol(id, mmol_per_l) values(187, 16.934676171030628);
insert into participants(id) values(369);
insert into ages(id, birthday) values(369, '1955-04-17');
insert into exercise(id, hours_per_week) values(369, 8.456234092153604);
insert into thanatol(id, mmol_per_l) values(369, 16.786137413216284);
insert into participants(id) values(77);
insert into ages(id, birthday) values(77, '1955-03-28');
insert into exercise(id, hours_per_week) values(77, 8.319434373616254);
insert into thanatol(id, mmol_per_l) values(77, 17.05267361050083);
insert into participants(id) values(352);
insert into ages(id, birthday) values(352, '1955-03-09');
insert into exercise(id, hours_per_week) values(352, 8.237291248290127);
insert into thanatol(id, mmol_per_l) values(352, 17.215320294761813);
insert into participants(id) values(461);
insert into ages(id, birthday) values(461, '1955-02-17');
insert into exercise(id, hours_per_week) values(461, 8.297092577387037);
insert into thanatol(id, mmol_per_l) values(461, 17.10768518984086);
insert into participants(id) values(475);
insert into ages(id, birthday) values(475, '1955-01-28');
insert into exercise(id, hours_per_week) values(475, 8.486729007189707);
insert into thanatol(id, mmol_per_l) values(475, 16.75254838305579);
insert into participants(id) values(861);
insert into ages(id, birthday) values(861, '1955-01-08');
insert into exercise(id, hours_per_week) values(861, 8.344281569470786);
insert into thanatol(id, mmol_per_l) values(861, 17.030210107681448);
insert into participants(id) values(52);
insert into ages(id, birthday) values(52, '1954-12-20');
insert into exercise(id, hours_per_week) values(52, 8.297085377415387);
insert into thanatol(id, mmol_per_l) values(52, 17.12642312890731);
insert into participants(id) values(604);
insert into ages(id, birthday) values(604, '1954-11-30');
insert into exercise(id, hours_per_week) values(604, 8.24715638423697);
insert into thanatol(id, mmol_per_l) values(604, 17.227915175862986);
insert into participants(id) values(499);
insert into ages(id, birthday) values(499, '1954-11-10');
insert into exercise(id, hours_per_week) values(499, 8.322824147156293);
insert into thanatol(id, mmol_per_l) values(499, 17.08978563916443);
insert into participants(id) values(742);
insert into ages(id, birthday) values(742, '1954-10-21');
insert into exercise(id, hours_per_week) values(742, 8.25909217816538);
insert into thanatol(id, mmol_per_l) values(742, 17.217680623877783);
insert into participants(id) values(194);
insert into ages(id, birthday) values(194, '1954-10-02');
insert into exercise(id, hours_per_week) values(194, 8.344450488101424);
insert into thanatol(id, mmol_per_l) values(194, 17.060930542723984);
insert into participants(id) values(515);
insert into ages(id, birthday) values(515, '1954-09-12');
insert into exercise(id, hours_per_week) values(515, 8.386089980780833);
insert into thanatol(id, mmol_per_l) values(515, 16.987586701583123);
insert into participants(id) values(304);
insert into ages(id, birthday) values(304, '1954-08-23');
insert into exercise(id, hours_per_week) values(304, 8.275750517380771);
insert into thanatol(id, mmol_per_l) values(304, 17.20464669458115);
insert into participants(id) values(740);
insert into ages(id, birthday) values(740, '1954-08-03');
insert into exercise(id, hours_per_week) values(740, 8.226374689857446);
insert into thanatol(id, mmol_per_l) values(740, 17.305304174040117);
insert into participants(id) values(819);
insert into ages(id, birthday) values(819, '1954-07-15');
insert into exercise(id, hours_per_week) values(819, 8.427567703252729);
insert into thanatol(id, mmol_per_l) values(819, 16.926795608172696);
insert into participants(id) values(237);
insert into ages(id, birthday) values(237, '1954-06-25');
insert into exercise(id, hours_per_week) values(237, 8.490720756278593);
insert into thanatol(id, mmol_per_l) values(237, 16.812116742987282);
insert into participants(id) values(738);
insert into ages(id, birthday) values(738, '1954-06-05');
insert into exercise(id, hours_per_week) values(738, 8.530576135556101);
insert into thanatol(id, mmol_per_l) values(738, 16.741941305336407);
insert into participants(id) values(747);
insert into ages(id, birthday) values(747, '1954-05-17');
insert into exercise(id, hours_per_week) values(747, 8.324823519679821);
insert into thanatol(id, mmol_per_l) values(747, 17.141969176026162);
insert into participants(id) values(787);
insert into ages(id, birthday) values(787, '1954-04-27');
insert into exercise(id, hours_per_week) values(787, 8.514892398561033);
insert into thanatol(id, mmol_per_l) values(787, 16.784139686956923);
insert into participants(id) values(465);
insert into ages(id, birthday) values(465, '1954-04-07');
insert into exercise(id, hours_per_week) values(465, 8.553191787658658);
insert into thanatol(id, mmol_per_l) values(465, 16.71684572763133);
insert into participants(id) values(837);
insert into ages(id, birthday) values(837, '1954-03-18');
insert into exercise(id, hours_per_week) values(837, 8.381766766609948);
insert into thanatol(id, mmol_per_l) values(837, 17.051489213838448);
insert into participants(id) values(517);
insert into ages(id, birthday) values(517, '1954-02-27');
insert into exercise(id, hours_per_week) values(517, 8.522032165348493);
insert into thanatol(id, mmol_per_l) values(517, 16.788719637237957);
insert into participants(id) values(699);
insert into ages(id, birthday) values(699, '1954-02-07');
insert into exercise(id, hours_per_week) values(699, 8.511910479419413);
insert into thanatol(id, mmol_per_l) values(699, 16.81421959005574);
insert into participants(id) values(196);
insert into ages(id, birthday) values(196, '1954-01-18');
insert into exercise(id, hours_per_week) values(196, 8.530635599434481);
insert into thanatol(id, mmol_per_l) values(196, 16.784381157502132);
insert into participants(id) values(36);
insert into ages(id, birthday) values(36, '1953-12-29');
insert into exercise(id, hours_per_week) values(36, 8.410507261104454);
insert into thanatol(id, mmol_per_l) values(36, 17.021051004128605);
insert into participants(id) values(715);
insert into ages(id, birthday) values(715, '1953-12-10');
insert into exercise(id, hours_per_week) values(715, 8.521968432884723);
insert into thanatol(id, mmol_per_l) values(715, 16.813182315015876);
insert into participants(id) values(227);
insert into ages(id, birthday) values(227, '1953-11-20');
insert into exercise(id, hours_per_week) values(227, 8.286472213081941);
insert into thanatol(id, mmol_per_l) values(227, 17.27163839593619);
insert into participants(id) values(570);
insert into ages(id, birthday) values(570, '1953-10-31');
insert into exercise(id, hours_per_week) values(570, 8.463962458291324);
insert into thanatol(id, mmol_per_l) values(570, 16.93681808690505);
insert into participants(id) values(103);
insert into ages(id, birthday) values(103, '1953-10-12');
insert into exercise(id, hours_per_week) values(103, 8.340921185167776);
insert into thanatol(id, mmol_per_l) values(103, 17.179467800496788);
insert into participants(id) values(26);
insert into ages(id, birthday) values(26, '1953-09-22');
insert into exercise(id, hours_per_week) values(26, 8.536965125318023);
insert into thanatol(id, mmol_per_l) values(26, 16.808683975614304);
insert into participants(id) values(790);
insert into ages(id, birthday) values(790, '1953-09-02');
insert into exercise(id, hours_per_week) values(790, 8.430444403810379);
insert into thanatol(id, mmol_per_l) values(790, 17.01967328280122);
insert into participants(id) values(725);
insert into ages(id, birthday) values(725, '1953-08-13');
insert into exercise(id, hours_per_week) values(725, 8.625393222179735);
insert into thanatol(id, mmol_per_l) values(725, 16.650662201548943);
insert into participants(id) values(704);
insert into ages(id, birthday) values(704, '1953-07-25');
insert into exercise(id, hours_per_week) values(704, 8.535563937924339);
insert into thanatol(id, mmol_per_l) values(704, 16.82960548475261);
insert into participants(id) values(171);
insert into ages(id, birthday) values(171, '1953-07-05');
insert into exercise(id, hours_per_week) values(171, 8.349633696406995);
insert into thanatol(id, mmol_per_l) values(171, 17.193744034386565);
insert into participants(id) values(943);
insert into ages(id, birthday) values(943, '1953-06-15');
insert into exercise(id, hours_per_week) values(943, 8.542945368573484);
insert into thanatol(id, mmol_per_l) values(943, 16.827536598056273);
insert into participants(id) values(273);
insert into ages(id, birthday) values(273, '1953-05-26');
insert into exercise(id, hours_per_week) values(273, 8.699153995736665);
insert into thanatol(id, mmol_per_l) values(273, 16.53256476667182);
insert into participants(id) values(614);
insert into ages(id, birthday) values(614, '1953-05-07');
insert into exercise(id, hours_per_week) values(614, 8.594575906337374);
insert into thanatol(id, mmol_per_l) values(614, 16.740140380106652);
insert into participants(id) values(905);
insert into ages(id, birthday) values(905, '1953-04-17');
insert into exercise(id, hours_per_week) values(905, 8.71156583054714);
insert into thanatol(id, mmol_per_l) values(905, 16.52055161251623);
